Name,TM_score,RMSD,,id,organism_from_ncb,species,genus,family,order,class,phylum,kingdom,domain
ABV95226.1_398580,0.959,1.11,,ABV95226.1,Dinoroseobacter shibae DFL 12 = DSM 16493,Dinoroseobacter shibae,Dinoroseobacter,Roseobacteraceae,Rhodobacterales,Alphaproteobacteria,Pseudomonadota,Pseudomonadati,Bacteria
AEP10534.1_856793,0.8887,2.04,,AEP10534.1,Micavibrio aeruginosavorus ARL-13,Micavibrio aeruginosavorus,Micavibrio,Pseudobdellovibrionaceae,Bdellovibrionales,Bdellovibrionia,Bdellovibrionota,Pseudomonadati,Bacteria
AGM09942.1_129921,0.9171,1.83,,AGM09942.1,Amycolatopsis keratiniphila,Amycolatopsis keratiniphila,Amycolatopsis,Pseudonocardiaceae,Pseudonocardiales,Actinomycetes,Actinomycetota,Bacillati,Bacteria
AHD02601.1_999552,0.9361,1.53,,AHD02601.1,Leisingera methylohalidivorans DSM 14336,Leisingera methylohalidivorans,Leisingera,Roseobacteraceae,Rhodobacterales,Alphaproteobacteria,Pseudomonadota,Pseudomonadati,Bacteria
AHD03788.1_999552,0.8773,2.52,,AHD03788.1,Leisingera methylohalidivorans DSM 14336,Leisingera methylohalidivorans,Leisingera,Roseobacteraceae,Rhodobacterales,Alphaproteobacteria,Pseudomonadota,Pseudomonadati,Bacteria
AHF01380.1_717772,0.9158,2.08,,AHF01380.1,Thiomicrospira aerophila AL3,Thiomicrospira aerophila,Thiomicrospira,Piscirickettsiaceae,Thiotrichales,Gammaproteobacteria,Pseudomonadota,Pseudomonadati,Bacteria
AHK79364.1_421628,0.885,2.54,,AHK79364.1,Ectothiorhodospira haloalkaliphila,Ectothiorhodospira haloalkaliphila,Ectothiorhodospira,Ectothiorhodospiraceae,Chromatiales,Gammaproteobacteria,Pseudomonadota,Pseudomonadati,Bacteria
AHK80479.1_421628,0.9249,1.71,,AHK80479.1,Ectothiorhodospira haloalkaliphila,Ectothiorhodospira haloalkaliphila,Ectothiorhodospira,Ectothiorhodospiraceae,Chromatiales,Gammaproteobacteria,Pseudomonadota,Pseudomonadati,Bacteria
AJE45371.1_1208324,0.9558,1.07,,AJE45371.1,Celeribacter indicus,Celeribacter indicus,Celeribacter,Roseobacteraceae,Rhodobacterales,Alphaproteobacteria,Pseudomonadota,Pseudomonadati,Bacteria
AJY48188.1_1486262,0.9425,1.44,,AJY48188.1,Martelella endophytica,Martelella endophytica,Martelella,Aurantimonadaceae,Hyphomicrobiales,Alphaproteobacteria,Pseudomonadota,Pseudomonadati,Bacteria
ALO45085.1_1249552,0.9382,1.48,,ALO45085.1,Pseudohongiella spirulinae,Pseudohongiella spirulinae,Pseudohongiella,Pseudohongiellaceae,Pseudomonadales,Gammaproteobacteria,Pseudomonadota,Pseudomonadati,Bacteria
ALQ56858.1_152297,0.7284,3.89,,ALQ56858.1,Pseudoalteromonas issachenkonii,Pseudoalteromonas issachenkonii,Pseudoalteromonas,Pseudoalteromonadaceae,Alteromonadales,Gammaproteobacteria,Pseudomonadota,Pseudomonadati,Bacteria
AML52415.1_1579316,0.9198,1.88,,AML52415.1,Falsihalocynthiibacter arcticus,Falsihalocynthiibacter arcticus,Falsihalocynthiibacter,Roseobacteraceae,Rhodobacterales,Alphaproteobacteria,Pseudomonadota,Pseudomonadati,Bacteria
ANJ11144.1_146923,0.7052,4,,ANJ11144.1,Streptomyces parvulus,Streptomyces parvulus,Streptomyces,Streptomycetaceae,Kitasatosporales,Actinomycetes,Actinomycetota,Bacillati,Bacteria
ANP37211.1_60890,0.9606,1.07,,ANP37211.1,Phaeobacter gallaeciensis,Phaeobacter gallaeciensis,Phaeobacter,Roseobacteraceae,Rhodobacterales,Alphaproteobacteria,Pseudomonadota,Pseudomonadati,Bacteria
ANR70200.1_712528,0.8129,2.32,,ANR70200.1,Selenomonas sp. oral taxon 126,unclassified Selenomonas,Selenomonas,Selenomonadaceae,Selenomonadales,Negativicutes,Bacillota,Bacillati,Bacteria
APE42054.1_1917485,0.981,0.87,,APE42054.1,Sulfitobacter alexandrii,Sulfitobacter alexandrii,Sulfitobacter,Roseobacteraceae,Rhodobacterales,Alphaproteobacteria,Pseudomonadota,Pseudomonadati,Bacteria
APH73430.1_1670800,0.9387,1.58,,APH73430.1,Aquibium oceanicum,Aquibium oceanicum,Aquibium,Phyllobacteriaceae,Hyphomicrobiales,Alphaproteobacteria,Pseudomonadota,Pseudomonadati,Bacteria
APS23024.1_1661694,0.7368,3.64,,APS23024.1,Streptomyces sp. Tue 6075,unclassified Streptomyces,Streptomyces,Streptomycetaceae,Kitasatosporales,Actinomycetes,Actinomycetota,Bacillati,Bacteria
APX13138.1_299262,0.964,0.79,,APX13138.1,Tateyamaria omphalii,Tateyamaria omphalii,Tateyamaria,Roseobacteraceae,Rhodobacterales,Alphaproteobacteria,Pseudomonadota,Pseudomonadati,Bacteria
APX89847.1_1267768,0.9712,0.87,,APX89847.1,Brevirhabdus pacifica,Brevirhabdus pacifica,Brevirhabdus,Paracoccaceae,Rhodobacterales,Alphaproteobacteria,Pseudomonadota,Pseudomonadati,Bacteria
APZ53045.1_1250539,0.9403,1.54,,APZ53045.1,Salipiger abyssi,Salipiger abyssi,Salipiger,Roseobacteraceae,Rhodobacterales,Alphaproteobacteria,Pseudomonadota,Pseudomonadati,Bacteria
AQA09563.1_75293,0.7587,3.19,,AQA09563.1,Streptomyces autolyticus,Streptomyces autolyticus,Streptomyces,Streptomycetaceae,Kitasatosporales,Actinomycetes,Actinomycetota,Bacillati,Bacteria
AQU65114.1_193462,0.7549,3.48,,AQU65114.1,Streptomyces niveus,Streptomyces niveus,Streptomyces,Streptomycetaceae,Kitasatosporales,Actinomycetes,Actinomycetota,Bacillati,Bacteria
ARF71162.1_68173,0.7352,3.48,,ARF71162.1,Kitasatospora albolonga,Kitasatospora albolonga,Kitasatospora,Streptomycetaceae,Kitasatosporales,Actinomycetes,Actinomycetota,Bacillati,Bacteria
ARX83299.1_67267,0.721,3.84,,ARX83299.1,Streptomyces alboflavus,Streptomyces alboflavus,Streptomyces,Streptomycetaceae,Kitasatosporales,Actinomycetes,Actinomycetota,Bacillati,Bacteria
ASM56253.1_28109,0.728,3.85,,ASM56253.1,Pseudoalteromonas nigrifaciens,Pseudoalteromonas nigrifaciens,Pseudoalteromonas,Pseudoalteromonadaceae,Alteromonadales,Gammaproteobacteria,Pseudomonadota,Pseudomonadati,Bacteria
ASP36396.1_2021862,0.919,1.97,,ASP36396.1,Labrenzia sp. VG12,unclassified Labrenzia,Labrenzia,Stappiaceae,Hyphomicrobiales,Alphaproteobacteria,Pseudomonadota,Pseudomonadati,Bacteria
AST93826.1_33932,0.8293,2.25,,AST93826.1,Sutcliffiella cohnii,Sutcliffiella cohnii,Sutcliffiella,Bacillaceae,Bacillales,Bacilli,Bacillota,Bacillati,Bacteria
ASY13120.1_1884915,0.7757,2.79,,ASY13120.1,Candidatus Nanopelagicus hibericus,Candidatus Nanopelagicus hibericus,Candidatus Nanopelagicus,Candidatus Nanopelagicaceae,Candidatus Nanopelagicales,Actinomycetes,Actinomycetota,Bacillati,Bacteria
ATC84759.1_1312369,0.7235,3.88,,ATC84759.1,Pseudoalteromonas agarivorans DSM 14585,Pseudoalteromonas agarivorans,Pseudoalteromonas,Pseudoalteromonadaceae,Alteromonadales,Gammaproteobacteria,Pseudomonadota,Pseudomonadati,Bacteria
ATC93201.1_314281,0.7274,3.9,,ATC93201.1,Pseudoalteromonas tunicata,Pseudoalteromonas tunicata,Pseudoalteromonas,Pseudoalteromonadaceae,Alteromonadales,Gammaproteobacteria,Pseudomonadota,Pseudomonadati,Bacteria
ATC97557.1_1117319,0.7375,3.87,,ATC97557.1,Pseudoalteromonas spongiae UST010723-006,Pseudoalteromonas spongiae,Pseudoalteromonas,Pseudoalteromonadaceae,Alteromonadales,Gammaproteobacteria,Pseudomonadota,Pseudomonadati,Bacteria
ATD00292.1_1117319,0.8832,2.42,,ATD00292.1,Pseudoalteromonas spongiae UST010723-006,Pseudoalteromonas spongiae,Pseudoalteromonas,Pseudoalteromonadaceae,Alteromonadales,Gammaproteobacteria,Pseudomonadota,Pseudomonadati,Bacteria
ATG48779.1_1758178,0.9401,1.49,,ATG48779.1,Celeribacter ethanolicus,Celeribacter ethanolicus,Celeribacter,Roseobacteraceae,Rhodobacterales,Alphaproteobacteria,Pseudomonadota,Pseudomonadati,Bacteria
ATN32858.1_1571470,0.8759,2.62,,ATN32858.1,Rhizobium sp. ACO-34A,unclassified Rhizobium,Rhizobium,Rhizobiaceae,Hyphomicrobiales,Alphaproteobacteria,Pseudomonadota,Pseudomonadati,Bacteria
AUH34701.1_1529068,0.9606,1.37,,AUH34701.1,Paracoccus tegillarcae,Paracoccus tegillarcae,Paracoccus,Paracoccaceae,Rhodobacterales,Alphaproteobacteria,Pseudomonadota,Pseudomonadati,Bacteria
AVF03872.1_2083786,0.9331,1.55,,AVF03872.1,Devosia sp. I507,unclassified Devosia,Devosia,Devosiaceae,Hyphomicrobiales,Alphaproteobacteria,Pseudomonadota,Pseudomonadati,Bacteria
AVG23397.1_1159327,0.7697,3.49,,AVG23397.1,Pontimonas salivibrio,Pontimonas salivibrio,Pontimonas,Microbacteriaceae,Micrococcales,Actinomycetes,Actinomycetota,Bacillati,Bacteria
AVO47768.1_1868589,0.8961,2.66,,AVO47768.1,Phreatobacter cathodiphilus,Phreatobacter cathodiphilus,Phreatobacter,Phreatobacteraceae,Hyphomicrobiales,Alphaproteobacteria,Pseudomonadota,Pseudomonadati,Bacteria
AVR00721.1_182710,0.9017,2.04,,AVR00721.1,Oceanobacillus iheyensis,Oceanobacillus iheyensis,Oceanobacillus,Bacillaceae,Bacillales,Bacilli,Bacillota,Bacillati,Bacteria
AVW92208.1_875171,0.9355,1.7,,AVW92208.1,Celeribacter baekdonensis,Celeribacter baekdonensis,Celeribacter,Roseobacteraceae,Rhodobacterales,Alphaproteobacteria,Pseudomonadota,Pseudomonadati,Bacteria
AWE54263.1_1827580,0.715,3.67,,AWE54263.1,Streptomyces nigra,Streptomyces nigra,Streptomyces,Streptomycetaceae,Kitasatosporales,Actinomycetes,Actinomycetota,Bacillati,Bacteria
AWI85201.1_311180,0.9948,0.43,,AWI85201.1,Alloyangia pacifica,Alloyangia pacifica,Alloyangia,Roseobacteraceae,Rhodobacterales,Alphaproteobacteria,Pseudomonadota,Pseudomonadati,Bacteria
AXI40745.1_1389004,0.9942,0.46,,AXI40745.1,Sulfitobacter sp. SK011,unclassified Sulfitobacter,Sulfitobacter,Roseobacteraceae,Rhodobacterales,Alphaproteobacteria,Pseudomonadota,Pseudomonadati,Bacteria
AXI48438.1_1389005,0.9831,0.79,,AXI48438.1,Sulfitobacter sp. SK012,unclassified Sulfitobacter,Sulfitobacter,Roseobacteraceae,Rhodobacterales,Alphaproteobacteria,Pseudomonadota,Pseudomonadati,Bacteria
AXI57169.1_2070369,0.9663,0.93,,AXI57169.1,Sulfitobacter sp. JL08,unclassified Sulfitobacter,Sulfitobacter,Roseobacteraceae,Rhodobacterales,Alphaproteobacteria,Pseudomonadota,Pseudomonadati,Bacteria
AXJ01281.1_1457365,0.8554,2.41,,AXJ01281.1,Cyclonatronum proteinivorum,Cyclonatronum proteinivorum,Cyclonatronum,Cyclonatronaceae,Balneolales,Balneolia,Balneolota,Pseudomonadati,Bacteria
AXX29817.1_103721,0.9198,1.87,,AXX29817.1,Actinosynnema pretiosum subsp. pretiosum,Actinosynnema pretiosum,Actinosynnema,Pseudonocardiaceae,Pseudonocardiales,Actinomycetes,Actinomycetota,Bacillati,Bacteria
AYL40311.1_68203,0.7174,3.7,,AYL40311.1,Streptomyces fungicidicus,Streptomyces fungicidicus,Streptomyces,Streptomycetaceae,Kitasatosporales,Actinomycetes,Actinomycetota,Bacillati,Bacteria
BBB26251.1_1278309,0.7677,3.68,,BBB26251.1,Amphritea japonica ATCC BAA-1530,Amphritea japonica,Amphritea,Oceanospirillaceae,Oceanospirillales,Gammaproteobacteria,Pseudomonadota,Pseudomonadati,Bacteria
BBB29834.1_1441457,0.7149,4.15,,BBB29834.1,Neptunomonas japonica JAMM 1380,Neptunomonas japonica,Neptunomonas,Oceanospirillaceae,Oceanospirillales,Gammaproteobacteria,Pseudomonadota,Pseudomonadati,Bacteria
BBF79806.1_78587,0.912,1.72,,BBF79806.1,Asticcacaulis excentricus,Asticcacaulis excentricus,Asticcacaulis,Caulobacteraceae,Caulobacterales,Alphaproteobacteria,Pseudomonadota,Pseudomonadati,Bacteria
BCD98513.1_2721545,0.7386,3.9,,BCD98513.1,Marinagarivorans cellulosilyticus,Marinagarivorans cellulosilyticus,Marinagarivorans,Cellvibrionaceae,Cellvibrionales,Gammaproteobacteria,Pseudomonadota,Pseudomonadati,Bacteria
BCD99572.1_2721545,0.9223,1.9,,BCD99572.1,Marinagarivorans cellulosilyticus,Marinagarivorans cellulosilyticus,Marinagarivorans,Cellvibrionaceae,Cellvibrionales,Gammaproteobacteria,Pseudomonadota,Pseudomonadati,Bacteria
BCE01703.1_2724896,0.6771,4.58,,BCE01703.1,Marinicellulosiphila megalodicopiae,Marinicellulosiphila megalodicopiae,Marinicellulosiphila,Oceanospirillales incertae sedis,Oceanospirillales,Gammaproteobacteria,Pseudomonadota,Pseudomonadati,Bacteria
CAD5272638.1_2768855,0.9268,1.71,,CAD5272638.1,Imperialibacter sp. 75,unclassified Imperialibacter,Imperialibacter,Flammeovirgaceae,Cytophagales,Cytophagia,Bacteroidota,Pseudomonadati,Bacteria
CCF20405.1_1125847,0.9187,1.95,,CCF20405.1,Pseudorhizobium banfieldiae,Pseudorhizobium banfieldiae,Pseudorhizobium,Rhizobiaceae,Hyphomicrobiales,Alphaproteobacteria,Pseudomonadota,Pseudomonadati,Bacteria
CCH31977.1_1179773,0.9305,1.8,,CCH31977.1,Saccharothrix espanaensis DSM 44229,Saccharothrix espanaensis,Saccharothrix,Pseudonocardiaceae,Pseudonocardiales,Actinomycetes,Actinomycetota,Bacillati,Bacteria
CEL19634.1_703222,0.9281,1.61,,CEL19634.1,Kibdelosporangium sp. MJ126-NF4,unclassified Kibdelosporangium,Kibdelosporangium,Pseudonocardiaceae,Pseudonocardiales,Actinomycetes,Actinomycetota,Bacillati,Bacteria
EAQ03154.1_252305,0.8787,2.49,,EAQ03154.1,Pseudooceanicola batsensis HTCC2597,Pseudooceanicola batsensis,Pseudooceanicola,Paracoccaceae,Rhodobacterales,Alphaproteobacteria,Pseudomonadota,Pseudomonadati,Bacteria
EAQ03393.1_252305,0.9668,1.14,,EAQ03393.1,Pseudooceanicola batsensis HTCC2597,Pseudooceanicola batsensis,Pseudooceanicola,Paracoccaceae,Rhodobacterales,Alphaproteobacteria,Pseudomonadota,Pseudomonadati,Bacteria
EAQ08197.1_314232,0.9834,0.43,,EAQ08197.1,Yoonia vestfoldensis SKA53,Yoonia vestfoldensis,Yoonia,Paracoccaceae,Rhodobacterales,Alphaproteobacteria,Pseudomonadota,Pseudomonadati,Bacteria
EAQ24544.1_314264,0.9936,0.49,,EAQ24544.1,Roseovarius sp. 217,unclassified Roseovarius,Roseovarius,Roseobacteraceae,Rhodobacterales,Alphaproteobacteria,Pseudomonadota,Pseudomonadati,Bacteria
EAQ25778.1_314264,0.8781,2.39,,EAQ25778.1,Roseovarius sp. 217,unclassified Roseovarius,Roseovarius,Roseobacteraceae,Rhodobacterales,Alphaproteobacteria,Pseudomonadota,Pseudomonadati,Bacteria
EAQ46312.1_314262,0.9457,1.43,,EAQ46312.1,Roseobacter sp. MED193,unclassified Roseobacter,Roseobacter,Roseobacteraceae,Rhodobacterales,Alphaproteobacteria,Pseudomonadota,Pseudomonadati,Bacteria
EAR51170.1_314256,0.9866,0.66,,EAR51170.1,Oceanicola granulosus HTCC2516,Oceanicola granulosus,Oceanicola,Roseobacteraceae,Rhodobacterales,Alphaproteobacteria,Pseudomonadota,Pseudomonadati,Bacteria
EAS49396.1_287752,0.9231,1.84,,EAS49396.1,Aurantimonas manganoxydans SI85-9A1,Aurantimonas manganoxydans,Aurantimonas,Aurantimonadaceae,Hyphomicrobiales,Alphaproteobacteria,Pseudomonadota,Pseudomonadati,Bacteria
EAU40305.1_314231,0.9406,1.49,,EAU40305.1,Fulvimarina pelagi HTCC2506,Fulvimarina pelagi,Fulvimarina,Aurantimonadaceae,Hyphomicrobiales,Alphaproteobacteria,Pseudomonadota,Pseudomonadati,Bacteria
EAU46768.1_314265,0.9746,0.61,,EAU46768.1,Salipiger bermudensis HTCC2601,Salipiger bermudensis,Salipiger,Roseobacteraceae,Rhodobacterales,Alphaproteobacteria,Pseudomonadota,Pseudomonadati,Bacteria
EBA16976.1_388739,0.9157,0.85,,EBA16976.1,Roseobacter sp. SK209-2-6,unclassified Roseobacter,Roseobacter,Roseobacteraceae,Rhodobacterales,Alphaproteobacteria,Pseudomonadota,Pseudomonadati,Bacteria
EEE38440.1_467661,0.9622,1.24,,EEE38440.1,Rhodobacteraceae bacterium KLH11,Rhodobacteraceae bacterium KLH11,unclassified Paracoccaceae,Paracoccaceae,Rhodobacterales,Alphaproteobacteria,Pseudomonadota,Pseudomonadati,Bacteria
EGD41262.1_408672,0.8528,2.71,,EGD41262.1,Nocardioidaceae bacterium Broad-1,Nocardioidaceae bacterium Broad-1,unclassified Nocardioidaceae,Nocardioidaceae,Propionibacteriales,Actinomycetes,Actinomycetota,Bacillati,Bacteria
EGF91403.1_715226,0.8288,2,,EGF91403.1,Asticcacaulis biprosthecium C19,Asticcacaulis biprosthecium,Asticcacaulis,Caulobacteraceae,Caulobacterales,Alphaproteobacteria,Pseudomonadota,Pseudomonadati,Bacteria
EGP20985.1_999141,0.7331,3.97,,EGP20985.1,Halomonas sp. TD01,unclassified Halomonas,Halomonas,Halomonadaceae,Oceanospirillales,Gammaproteobacteria,Pseudomonadota,Pseudomonadati,Bacteria
EHA14927.1_550984,0.7343,4.14,,EHA14927.1,Halomonas sp. HAL1,unclassified Halomonas,Halomonas,Halomonadaceae,Oceanospirillales,Gammaproteobacteria,Pseudomonadota,Pseudomonadati,Bacteria
EHK60356.1_1118153,0.7204,3.98,,EHK60356.1,Halomonas sp. GFAJ-1,unclassified Halomonas,Halomonas,Halomonadaceae,Oceanospirillales,Gammaproteobacteria,Pseudomonadota,Pseudomonadati,Bacteria
EHP31358.1_929558,0.9109,2.07,,EHP31358.1,Sulfurimonas gotlandica GD1,Sulfurimonas gotlandica,Sulfurimonas,Sulfurimonadaceae,Campylobacterales,Epsilonproteobacteria,Campylobacterota,Pseudomonadati,Bacteria
EJZ77745.1_1169410,0.8275,2.68,,EJZ77745.1,Pasteurella multocida subsp. gallicida X73,Pasteurella multocida,Pasteurella,Pasteurellaceae,Pasteurellales,Gammaproteobacteria,Pseudomonadota,Pseudomonadati,Bacteria
EMD25427.1_1238180,0.928,1.67,,EMD25427.1,Amycolatopsis azurea DSM 43854,Amycolatopsis azurea,Amycolatopsis,Pseudonocardiaceae,Pseudonocardiales,Actinomycetes,Actinomycetota,Bacillati,Bacteria
ERP88401.1_1397530,0.9186,1.97,,ERP88401.1,Labrenzia sp. C1B10,unclassified Labrenzia,Labrenzia,Stappiaceae,Hyphomicrobiales,Alphaproteobacteria,Pseudomonadota,Pseudomonadati,Bacteria
ESW62374.1_1408890,0.9364,1.63,,ESW62374.1,Rhodobacter sp. CACIA14H1,Rhodobacter sp. CACIA14H1,unclassified Rhodobacter,Rhodobacter,Rhodobacterales,Alphaproteobacteria,Pseudomonadota,Pseudomonadati,Bacteria
ETA52969.2_1169855,0.9432,1.53,,ETA52969.2,Rhodobacteraceae bacterium PD-2,Rhodobacteraceae bacterium PD-2,unclassified Paracoccaceae,Paracoccaceae,Rhodobacterales,Alphaproteobacteria,Pseudomonadota,Pseudomonadati,Bacteria
ETX13443.1_1449350,0.9914,0.56,,ETX13443.1,Roseivivax halodurans JCM 10272,Roseivivax halodurans,Roseivivax,Roseobacteraceae,Rhodobacterales,Alphaproteobacteria,Pseudomonadota,Pseudomonadati,Bacteria
ETX29622.1_1449351,0.944,1.49,,ETX29622.1,Roseivivax isoporae LMG 25204,Roseivivax isoporae,Roseivivax,Roseobacteraceae,Rhodobacterales,Alphaproteobacteria,Pseudomonadota,Pseudomonadati,Bacteria
EYT79520.1_1470557,0.7258,3.74,,EYT79520.1,Streptomyces sp. Tu 6176,unclassified Streptomyces,Streptomyces,Streptomycetaceae,Kitasatosporales,Actinomycetes,Actinomycetota,Bacillati,Bacteria
GAB56706.1_1121923,0.7406,3.84,,GAB56706.1,Glaciecola punicea ACAM 611,Glaciecola punicea,Glaciecola,Alteromonadaceae,Alteromonadales,Gammaproteobacteria,Pseudomonadota,Pseudomonadati,Bacteria
GAC04989.1_1125747,0.7151,4.21,,GAC04989.1,Paraglaciecola agarilytica NO2,Paraglaciecola chathamensis,Paraglaciecola,Alteromonadaceae,Alteromonadales,Gammaproteobacteria,Pseudomonadota,Pseudomonadati,Bacteria
GAC16910.1_1127673,0.7697,3.53,,GAC16910.1,Aliiglaciecola lipolytica E3,Aliiglaciecola lipolytica,Aliiglaciecola,Alteromonadaceae,Alteromonadales,Gammaproteobacteria,Pseudomonadota,Pseudomonadati,Bacteria
GAC19058.1_493475,0.77,3.53,,GAC19058.1,Paraglaciecola arctica BSs20135,Paraglaciecola arctica,Paraglaciecola,Alteromonadaceae,Alteromonadales,Gammaproteobacteria,Pseudomonadota,Pseudomonadati,Bacteria
GAC30001.1_1121922,0.7069,4.2,,GAC30001.1,Brumicola pallidula DSM 14239 = ACAM 615,Brumicola pallidula,Brumicola,Alteromonadaceae,Alteromonadales,Gammaproteobacteria,Pseudomonadota,Pseudomonadati,Bacteria
GAC33738.1_1129793,0.7404,3.85,,GAC33738.1,Paraglaciecola polaris LMG 21857,Paraglaciecola polaris,Paraglaciecola,Alteromonadaceae,Alteromonadales,Gammaproteobacteria,Pseudomonadota,Pseudomonadati,Bacteria
GAE06271.1_1236974,0.7763,3.54,,GAE06271.1,Paenibacillus sp. JCM 10914,unclassified Paenibacillus,Paenibacillus,Paenibacillaceae,Bacillales,Bacilli,Bacillota,Bacillati,Bacteria
GAE28115.1_1236970,0.8674,2.3,,GAE28115.1,Halalkalibacter wakoensis JCM 9140,Halalkalibacter wakoensis,Halalkalibacter,Bacillaceae,Bacillales,Bacilli,Bacillota,Bacillati,Bacteria
GAE30429.1_1236971,0.8562,2.51,,GAE30429.1,Halalkalibacter hemicellulosilyticusJCM 9152,Halalkalibacter hemicellulosilyticus,Halalkalibacter,Bacillaceae,Bacillales,Bacilli,Bacillota,Bacillati,Bacteria
GAE33990.1_1236973,0.8703,2.21,,GAE33990.1,Halalkalibacter akibai JCM 9157,Halalkalibacter akibai,Halalkalibacter,Bacillaceae,Bacillales,Bacilli,Bacillota,Bacillati,Bacteria
GAP45438.1_146537,0.7118,3.66,,GAP45438.1,Streptomyces azureus,Streptomyces azureus,Streptomyces,Streptomycetaceae,Kitasatosporales,Actinomycetes,Actinomycetota,Bacillati,Bacteria
GKT12440.1_2039724,0.7002,4.14,,GKT12440.1,Thiomicrorhabdus sp.,unclassified Thiomicrorhabdus,Thiomicrorhabdus,Piscirickettsiaceae,Thiotrichales,Gammaproteobacteria,Pseudomonadota,Pseudomonadati,Bacteria
KAF0122346.1_2021379,0.8944,2.71,,KAF0122346.1,Xanthobacteraceae bacterium,Xanthobacteraceae bacterium,unclassified Xanthobacteraceae,Xanthobacteraceae,Hyphomicrobiales,Alphaproteobacteria,Pseudomonadota,Pseudomonadati,Bacteria
KAF0124513.1_2030800,0.9142,1.93,,KAF0124513.1,Elusimicrobiota bacterium,Elusimicrobiota bacterium,,,,unclassified Elusimicrobiota,Elusimicrobiota,Pseudomonadati,Bacteria
KAF0182163.1_1978230,0.8927,2.15,,KAF0182163.1,Caulobacteraceae bacterium,Caulobacteraceae bacterium,unclassified Caulobacteraceae,Caulobacteraceae,Caulobacterales,Alphaproteobacteria,Pseudomonadota,Pseudomonadati,Bacteria
KAF7773837.1_43655,0.7436,3.98,,KAF7773837.1,Pseudoalteromonas citrea,Pseudoalteromonas citrea,Pseudoalteromonas,Pseudoalteromonadaceae,Alteromonadales,Gammaproteobacteria,Pseudomonadota,Pseudomonadati,Bacteria
KAF7783627.1_43658,0.8883,2.17,,KAF7783627.1,Pseudoalteromonas rubra,Pseudoalteromonas rubra,Pseudoalteromonas,Pseudoalteromonadaceae,Alteromonadales,Gammaproteobacteria,Pseudomonadota,Pseudomonadati,Bacteria
KAJ57126.1_1454373,0.9876,0.41,,KAJ57126.1,Actibacterium mucosum KCTC 23349,Actibacterium mucosum,Actibacterium,Roseobacteraceae,Rhodobacterales,Alphaproteobacteria,Pseudomonadota,Pseudomonadati,Bacteria
KEJ90744.1_1300350,0.9962,0.37,,KEJ90744.1,Sulfitobacter donghicola DSW-25 = KCTC 12864 = JCM 14565,Sulfitobacter donghicola,Sulfitobacter,Roseobacteraceae,Rhodobacterales,Alphaproteobacteria,Pseudomonadota,Pseudomonadati,Bacteria
KEP67894.1_1185766,0.9416,1.58,,KEP67894.1,Thioclava dalianensis,Thioclava dalianensis,Thioclava,Paracoccaceae,Rhodobacterales,Alphaproteobacteria,Pseudomonadota,Pseudomonadati,Bacteria
KFG01626.1_1930,0.7659,3.4,,KFG01626.1,Streptomyces scabiei,Streptomyces scabiei,Streptomyces,Streptomycetaceae,Kitasatosporales,Actinomycetes,Actinomycetota,Bacillati,Bacteria
KFG06827.1_1930,0.7322,3.83,,KFG06827.1,Streptomyces scabiei,Streptomyces scabiei,Streptomyces,Streptomycetaceae,Kitasatosporales,Actinomycetes,Actinomycetota,Bacillati,Bacteria
KGA97090.1_1218173,0.877,2.49,,KGA97090.1,Alkalihalobacillus alcalophilus ATCC 27647 = CGMCC 1.3604,Alkalihalobacillus alcalophilus,Alkalihalobacillus,Bacillaceae,Bacillales,Bacilli,Bacillota,Bacillati,Bacteria
KGF71017.1_1547437,0.9273,1.68,,KGF71017.1,Hoeflea sp. BAL378,unclassified Hoeflea,Hoeflea,Rhizobiaceae,Hyphomicrobiales,Alphaproteobacteria,Pseudomonadota,Pseudomonadati,Bacteria
KGJ20797.1_1545044,0.9855,0.77,,KGJ20797.1,Paracoccus sanguinis,Paracoccus sanguinis,Paracoccus,Paracoccaceae,Rhodobacterales,Alphaproteobacteria,Pseudomonadota,Pseudomonadati,Bacteria
KGL01431.1_1225651,0.9359,1.55,,KGL01431.1,Thalassobacter sp. 16PALIMAR09,unclassified Thalassobacter,Thalassobacter,Roseobacteraceae,Rhodobacterales,Alphaproteobacteria,Pseudomonadota,Pseudomonadati,Bacteria
KGM10671.1_1386082,0.9498,1.78,,KGM10671.1,Cellulomonas bogoriensis 69B4 = DSM 16987,Cellulomonas bogoriensis,Cellulomonas,Cellulomonadaceae,Micrococcales,Actinomycetes,Actinomycetota,Bacillati,Bacteria
KGM47235.1_1461694,0.9793,0.44,,KGM47235.1,Pseudooceanicola atlanticus,Pseudooceanicola atlanticus,Pseudooceanicola,Paracoccaceae,Rhodobacterales,Alphaproteobacteria,Pseudomonadota,Pseudomonadati,Bacteria
KHA50277.1_1342299,0.9912,0.57,,KHA50277.1,Sulfitobacter geojensis,Sulfitobacter geojensis,Sulfitobacter,Roseobacteraceae,Rhodobacterales,Alphaproteobacteria,Pseudomonadota,Pseudomonadati,Bacteria
KHF41774.1_333138,0.9018,1.93,,KHF41774.1,Halalkalibacter okhensis,Halalkalibacter okhensis,Halalkalibacter,Bacillaceae,Bacillales,Bacilli,Bacillota,Bacillati,Bacteria
KHM51554.1_82374,0.796,2.48,,KHM51554.1,Anaerovibrio lipolyticus,Anaerovibrio lipolyticus,Anaerovibrio,Selenomonadaceae,Selenomonadales,Negativicutes,Bacillota,Bacillati,Bacteria
KHQ52407.1_561184,0.9646,1.19,,KHQ52407.1,Mameliella alba,Mameliella alba,Mameliella,Roseobacteraceae,Rhodobacterales,Alphaproteobacteria,Pseudomonadota,Pseudomonadati,Bacteria
KIC15956.1_1577897,0.8695,2.54,,KIC15956.1,Leisingera sp. ANG-DT,unclassified Leisingera,Leisingera,Roseobacteraceae,Rhodobacterales,Alphaproteobacteria,Pseudomonadota,Pseudomonadati,Bacteria
KIC41027.1_1577904,0.9459,1.45,,KIC41027.1,Ruegeria sp. ANG-S4,unclassified Ruegeria,Ruegeria,Roseobacteraceae,Rhodobacterales,Alphaproteobacteria,Pseudomonadota,Pseudomonadati,Bacteria
KIC47769.1_1577905,0.8904,2.25,,KIC47769.1,Tateyamaria sp. ANG-S1,unclassified Tateyamaria,Tateyamaria,Roseobacteraceae,Rhodobacterales,Alphaproteobacteria,Pseudomonadota,Pseudomonadati,Bacteria
KIN65611.1_1342302,0.9521,1.6,,KIN65611.1,Sulfitobacter noctilucae,Sulfitobacter noctilucae,Sulfitobacter,Roseobacteraceae,Rhodobacterales,Alphaproteobacteria,Pseudomonadota,Pseudomonadati,Bacteria
KIX19335.1_1192054,0.9791,1.04,,KIX19335.1,Paracoccus sp. 228,unclassified Paracoccus (in: a-proteobacteria),Paracoccus,Paracoccaceae,Rhodobacterales,Alphaproteobacteria,Pseudomonadota,Pseudomonadati,Bacteria
KJD54849.1_1390,0.8029,3.26,,KJD54849.1,Bacillus amyloliquefaciens,Bacillus amyloliquefaciens,Bacillus,Bacillaceae,Bacillales,Bacilli,Bacillota,Bacillati,Bacteria
KJK46227.1_1609137,0.6742,4.5,,KJK46227.1,Streptomyces sp. NRRL F-4428,unclassified Streptomyces,Streptomyces,Streptomycetaceae,Kitasatosporales,Actinomycetes,Actinomycetota,Bacillati,Bacteria
KJS09990.1_1629712,0.9232,1.81,,KJS09990.1,Hoeflea sp. BRH_c9,unclassified Hoeflea,Hoeflea,Rhizobiaceae,Hyphomicrobiales,Alphaproteobacteria,Pseudomonadota,Pseudomonadati,Bacteria
KJS26208.1_1629720,0.8829,2.47,,KJS26208.1,Hyphomonadaceae bacterium BRH_c29,Hyphomonadaceae bacterium BRH_c29,unclassified Hyphomonadaceae,Hyphomonadaceae,Hyphomonadales,Alphaproteobacteria,Pseudomonadota,Pseudomonadati,Bacteria
KJS35820.1_1629710,0.8833,2.42,,KJS35820.1,Hyphomonas sp. BRH_c22,unclassified Hyphomonas,Hyphomonas,Hyphomonadaceae,Hyphomonadales,Alphaproteobacteria,Pseudomonadota,Pseudomonadati,Bacteria
KJY27603.1_68223,0.7188,3.26,,KJY27603.1,Streptomyces katrae,Streptomyces katrae,Streptomyces,Streptomycetaceae,Kitasatosporales,Actinomycetes,Actinomycetota,Bacillati,Bacteria
KJY40488.1_1609134,0.7124,3.73,,KJY40488.1,Streptomyces sp. NRRL S-444,unclassified Streptomyces,Streptomyces,Streptomycetaceae,Kitasatosporales,Actinomycetes,Actinomycetota,Bacillati,Bacteria
KJZ21274.1_579483,0.9929,0.51,,KJZ21274.1,Loktanella sp. S4079,unclassified Loktanella,Loktanella,Roseobacteraceae,Rhodobacterales,Alphaproteobacteria,Pseudomonadota,Pseudomonadati,Bacteria
KKB07761.1_429727,0.9491,1.28,,KKB07761.1,Devosia chinhatensis,Devosia chinhatensis,Devosia,Devosiaceae,Hyphomicrobiales,Alphaproteobacteria,Pseudomonadota,Pseudomonadati,Bacteria
KKC25997.1_133190,0.9136,1.99,,KKC25997.1,Sphingomonas sp. SRS2,unclassified Sphingomonas,Sphingomonas,Sphingomonadaceae,Sphingomonadales,Alphaproteobacteria,Pseudomonadota,Pseudomonadati,Bacteria
KMJ59244.1_1665556,0.8205,2.86,,KMJ59244.1,Bacillus sp. LL01,unclassified Bacillus (in: firmicutes),Bacillus,Bacillaceae,Bacillales,Bacilli,Bacillota,Bacillati,Bacteria
KMK76062.1_79884,0.8508,2.77,,KMK76062.1,Alkalihalobacillus pseudalcaliphilus,Alkalihalobacillus pseudalcaliphilus,Alkalihalobacillus,Bacillaceae,Bacillales,Bacilli,Bacillota,Bacillati,Bacteria
KMO94940.1_66430,0.6823,3.94,,KMO94940.1,Streptomyces roseus,Streptomyces roseus,Streptomyces,Streptomycetaceae,Kitasatosporales,Actinomycetes,Actinomycetota,Bacillati,Bacteria
KND20975.1_121719,0.9142,2.06,,KND20975.1,Pannonibacter phragmitetus,Pannonibacter phragmitetus,Pannonibacter,Stappiaceae,Hyphomicrobiales,Alphaproteobacteria,Pseudomonadota,Pseudomonadati,Bacteria
KNG93553.1_1317121,0.9737,0.51,,KNG93553.1,Pseudaestuariivita atlantica,Pseudaestuariivita atlantica,Pseudaestuariivita,Paracoccaceae,Rhodobacterales,Alphaproteobacteria,Pseudomonadota,Pseudomonadati,Bacteria
KOT33990.1_36816,0.7276,3.52,,KOT33990.1,Streptomyces caelestis,Streptomyces caelestis,Streptomyces,Streptomycetaceae,Kitasatosporales,Actinomycetes,Actinomycetota,Bacillati,Bacteria
KOU30769.1_1415555,0.7244,3.92,,KOU30769.1,Streptomyces sp. WM6372,unclassified Streptomyces,Streptomyces,Streptomycetaceae,Kitasatosporales,Actinomycetes,Actinomycetota,Bacillati,Bacteria
KOX30185.1_1519496,0.743,3.43,,KOX30185.1,Streptomyces sp. NRRL F-4707,unclassified Streptomyces,Streptomyces,Streptomycetaceae,Kitasatosporales,Actinomycetes,Actinomycetota,Bacillati,Bacteria
KPB02468.1_1514904,0.9573,1.05,,KPB02468.1,Ahrensia marina,Ahrensia marina,Ahrensia,Ahrensiaceae,Hyphomicrobiales,Alphaproteobacteria,Pseudomonadota,Pseudomonadati,Bacteria
KPB03026.1_1643452,0.8389,2.57,,KPB03026.1,Bacillus sp. CHD6a,unclassified Bacillus (in: firmicutes),Bacillus,Bacillaceae,Bacillales,Bacilli,Bacillota,Bacillati,Bacteria
KPD10570.1_1225647,0.9194,1.91,,KPD10570.1,Phaeobacter sp. 11ANDIMAR09,unclassified Phaeobacter,Phaeobacter,Roseobacteraceae,Rhodobacterales,Alphaproteobacteria,Pseudomonadota,Pseudomonadati,Bacteria
KPD11837.1_1225647,0.8805,2.43,,KPD11837.1,Phaeobacter sp. 11ANDIMAR09,unclassified Phaeobacter,Phaeobacter,Roseobacteraceae,Rhodobacterales,Alphaproteobacteria,Pseudomonadota,Pseudomonadati,Bacteria
KPF79210.1_1523422,0.9213,1.84,,KPF79210.1,Brevundimonas sp. AAP58,unclassified Brevundimonas,Brevundimonas,Caulobacteraceae,Caulobacterales,Alphaproteobacteria,Pseudomonadota,Pseudomonadati,Bacteria
KPP84396.1_1666914,0.988,0.66,,KPP84396.1,Rhodobacteraceae bacterium HLUCCO07,Rhodobacteraceae bacterium HLUCCO07,unclassified Paracoccaceae,Paracoccaceae,Rhodobacterales,Alphaproteobacteria,Pseudomonadota,Pseudomonadati,Bacteria
KPP89101.1_1666913,0.942,1.5,,KPP89101.1,Rhodobacteraceae bacterium HLUCCA08,Rhodobacteraceae bacterium HLUCCA08,unclassified Paracoccaceae,Paracoccaceae,Rhodobacterales,Alphaproteobacteria,Pseudomonadota,Pseudomonadati,Bacteria
KPP92336.1_1666912,0.9835,0.42,,KPP92336.1,Roseibaca calidilacus,Roseibaca calidilacus,Roseinatronobacter,Paracoccaceae,Rhodobacterales,Alphaproteobacteria,Pseudomonadota,Pseudomonadati,Bacteria
KPP96358.1_1666909,0.8154,2.73,,KPP96358.1,Bacteroidetes bacterium HLUCCA01,Bacteroidetes bacterium HLUCCA01,,,,unclassified Bacteroidota,Bacteroidota,Pseudomonadati,Bacteria
KPQ05318.1_1298881,0.7369,3.9,,KPQ05318.1,Idiomarinaceae bacterium HL-53,Idiomarinaceae bacterium HL-53,unclassified Idiomarinaceae,Idiomarinaceae,Alteromonadales,Gammaproteobacteria,Pseudomonadota,Pseudomonadati,Bacteria
KPQ06910.1_1666916,0.9878,0.88,,KPQ06910.1,Rhodobacteraceae bacterium HLUCCA12,Rhodobacteraceae bacterium HLUCCA12,unclassified Paracoccaceae,Paracoccaceae,Rhodobacterales,Alphaproteobacteria,Pseudomonadota,Pseudomonadati,Bacteria
KPQ11009.1_1653334,0.9226,1.72,,KPQ11009.1,Saliniramus fredricksonii,Saliniramus fredricksonii,Saliniramus,Salinarimonadaceae,Hyphomicrobiales,Alphaproteobacteria,Pseudomonadota,Pseudomonadati,Bacteria
KPQ18391.1_1666917,0.9502,1.07,,KPQ18391.1,Rhodobacteraceae bacterium HLUCCO18,Rhodobacteraceae bacterium HLUCCO18,unclassified Paracoccaceae,Paracoccaceae,Rhodobacterales,Alphaproteobacteria,Pseudomonadota,Pseudomonadati,Bacteria
KPQ25605.1_1479235,0.7316,3.97,,KPQ25605.1,Halomonas sp. HL-48,unclassified Halomonas,Halomonas,Halomonadaceae,Oceanospirillales,Gammaproteobacteria,Pseudomonadota,Pseudomonadati,Bacteria
KPQ29253.1_1305731,0.742,3.79,,KPQ29253.1,Marinobacter excellens HL-55,Marinobacter excellens,Marinobacter,Marinobacteraceae,Pseudomonadales,Gammaproteobacteria,Pseudomonadota,Pseudomonadati,Bacteria
KQB95219.1_1700845,0.9919,0.39,,KQB95219.1,Loktanella sp. 1ANDIMAR09,unclassified Loktanella,Loktanella,Roseobacteraceae,Rhodobacterales,Alphaproteobacteria,Pseudomonadota,Pseudomonadati,Bacteria
KQI69998.1_1225657,0.9651,1.17,,KQI69998.1,Loktanella sp. 3ANDIMAR09,unclassified Loktanella,Loktanella,Roseobacteraceae,Rhodobacterales,Alphaproteobacteria,Pseudomonadota,Pseudomonadati,Bacteria
KQL57928.1_444060,0.8648,2.56,,KQL57928.1,Alkalicoccobacillus plakortidis,Alkalicoccobacillus plakortidis,Alkalicoccobacillus,Bacillaceae,Bacillales,Bacilli,Bacillota,Bacillati,Bacteria
KQX94434.1_1736454,0.7262,3.83,,KQX94434.1,Streptomyces sp. Root1319,unclassified Streptomyces,Streptomyces,Streptomycetaceae,Kitasatosporales,Actinomycetes,Actinomycetota,Bacillati,Bacteria
KRS13484.1_1641875,0.9343,1.62,,KRS13484.1,Roseovarius atlanticus,Roseovarius atlanticus,Roseovarius,Roseobacteraceae,Rhodobacterales,Alphaproteobacteria,Pseudomonadota,Pseudomonadati,Bacteria
KRS19455.1_540747,0.9373,1.52,,KRS19455.1,Roseovarius indicus,Roseovarius indicus,Roseovarius,Roseobacteraceae,Rhodobacterales,Alphaproteobacteria,Pseudomonadota,Pseudomonadati,Bacteria
KRT58684.1_54398,0.764,3.56,,KRT58684.1,endosymbiont of Ridgeia piscesae,endosymbiont of Ridgeia piscesae,,sulfur-oxidizing symbionts,Gammaproteobacteria incertae sedis,Gammaproteobacteria,Pseudomonadota,Pseudomonadati,Bacteria
KUF09549.1_1685382,0.9807,0.37,,KUF09549.1,Pseudoponticoccus marisrubri,Pseudoponticoccus marisrubri,Pseudoponticoccus,Roseobacteraceae,Rhodobacterales,Alphaproteobacteria,Pseudomonadota,Pseudomonadati,Bacteria
KUJ77374.1_1685378,0.9711,1.06,,KUJ77374.1,Ruegeria profundi,Ruegeria profundi,Ruegeria,Roseobacteraceae,Rhodobacterales,Alphaproteobacteria,Pseudomonadota,Pseudomonadati,Bacteria
KUJ78072.1_1685379,0.9946,0.44,,KUJ78072.1,Ruegeria marisrubri,Ruegeria marisrubri,Ruegeria,Roseobacteraceae,Rhodobacterales,Alphaproteobacteria,Pseudomonadota,Pseudomonadati,Bacteria
KUJ89422.1_1635257,0.7358,3.95,,KUJ89422.1,Halomonas sp. 54_146,unclassified Halomonas,Halomonas,Halomonadaceae,Oceanospirillales,Gammaproteobacteria,Pseudomonadota,Pseudomonadati,Bacteria
KUL57495.1_1886,0.7174,3.58,,KUL57495.1,Streptomyces albidoflavus,Streptomyces albidoflavus,Streptomyces,Streptomycetaceae,Kitasatosporales,Actinomycetes,Actinomycetota,Bacillati,Bacteria
KUO10410.1_1739111,0.7459,3.56,,KUO10410.1,Streptomyces sp. DSM 15324,unclassified Streptomyces,Streptomyces,Streptomycetaceae,Kitasatosporales,Actinomycetes,Actinomycetota,Bacillati,Bacteria
KXF88940.1_221822,0.9458,1.42,,KXF88940.1,Phaeobacter inhibens,Phaeobacter inhibens,Phaeobacter,Roseobacteraceae,Rhodobacterales,Alphaproteobacteria,Pseudomonadota,Pseudomonadati,Bacteria
KXX66223.1_1048,0.9071,2.19,,KXX66223.1,Marichromatium gracile,Marichromatium gracile,Marichromatium,Chromatiaceae,Chromatiales,Gammaproteobacteria,Pseudomonadota,Pseudomonadati,Bacteria
KYG32141.1_519424,0.869,2.42,,KYG32141.1,Alkalihalobacillus trypoxylicola,Alkalihalobacillus trypoxylicola,Alkalihalobacillus,Bacillaceae,Bacillales,Bacilli,Bacillota,Bacillati,Bacteria
KYZ85933.1_1817793,0.936,1.54,,KYZ85933.1,Alcanivorax sp. KX64203,unclassified Alcanivorax,Alcanivorax,Alcanivoracaceae,Oceanospirillales,Gammaproteobacteria,Pseudomonadota,Pseudomonadati,Bacteria
KZM51445.1_1561204,0.9201,1.95,,KZM51445.1,Labrenzia sp. OB1,unclassified Labrenzia,Labrenzia,Stappiaceae,Hyphomicrobiales,Alphaproteobacteria,Pseudomonadota,Pseudomonadati,Bacteria
KZN45415.1_1365251,0.8913,2.29,,KZN45415.1,Pseudoalteromonas luteoviolacea H33,Pseudoalteromonas luteoviolacea,Pseudoalteromonas,Pseudoalteromonadaceae,Alteromonadales,Gammaproteobacteria,Pseudomonadota,Pseudomonadati,Bacteria
KZN52695.1_1365249,0.8833,2.37,,KZN52695.1,Pseudoalteromonas luteoviolacea CPMOR-2,Pseudoalteromonas luteoviolacea,Pseudoalteromonas,Pseudoalteromonadaceae,Alteromonadales,Gammaproteobacteria,Pseudomonadota,Pseudomonadati,Bacteria
KZN66471.1_1365248,0.8979,2.01,,KZN66471.1,Pseudoalteromonas luteoviolacea CPMOR-1,Pseudoalteromonas luteoviolacea,Pseudoalteromonas,Pseudoalteromonadaceae,Alteromonadales,Gammaproteobacteria,Pseudomonadota,Pseudomonadati,Bacteria
OAB54987.1_399101,0.9147,2.04,,OAB54987.1,Phormidium willei BDU 130791,Phormidium willei,Phormidium,Oscillatoriaceae,Oscillatoriales,Cyanophyceae,Cyanobacteriota,Bacillati,Bacteria
OAN69302.1_1849359,0.9349,1.66,,OAN69302.1,Jannaschia sp. EhC01,unclassified Jannaschia,Jannaschia,Roseobacteraceae,Rhodobacterales,Alphaproteobacteria,Pseudomonadota,Pseudomonadati,Bacteria
OAN72179.1_1849170,0.9848,0.53,,OAN72179.1,Rhodobacteraceae bacterium EhC02,Rhodobacteraceae bacterium EhC02,unclassified Paracoccaceae,Paracoccaceae,Rhodobacterales,Alphaproteobacteria,Pseudomonadota,Pseudomonadati,Bacteria
OAN74145.1_60137,0.9884,0.38,,OAN74145.1,Sulfitobacter pontiacus,Sulfitobacter pontiacus,Sulfitobacter,Roseobacteraceae,Rhodobacterales,Alphaproteobacteria,Pseudomonadota,Pseudomonadati,Bacteria
OAN90646.1_1342299,0.8805,2.37,,OAN90646.1,Sulfitobacter geojensis,Sulfitobacter geojensis,Sulfitobacter,Roseobacteraceae,Rhodobacterales,Alphaproteobacteria,Pseudomonadota,Pseudomonadati,Bacteria
OBR63468.1_1844972,0.9037,2.16,,OBR63468.1,Paenibacillus oryzae,Paenibacillus oryzae,Paenibacillus,Paenibacillaceae,Bacillales,Bacilli,Bacillota,Bacillati,Bacteria
OCW56403.1_1480615,0.9192,1.83,,OCW56403.1,Hoeflea olei,Hoeflea olei,Hoeflea,Rhizobiaceae,Hyphomicrobiales,Alphaproteobacteria,Pseudomonadota,Pseudomonadati,Bacteria
ODS55240.1_1660088,0.9301,1.71,,ODS55240.1,Agrobacterium sp. SCN 61-19,unclassified Agrobacterium,Agrobacterium,Rhizobiaceae,Hyphomicrobiales,Alphaproteobacteria,Pseudomonadota,Pseudomonadati,Bacteria
ODT61006.1_1660154,0.9018,1.21,,ODT61006.1,Paracoccus sp. SCN 68-21,unclassified Paracoccus (in: a-proteobacteria),Paracoccus,Paracoccaceae,Rhodobacterales,Alphaproteobacteria,Pseudomonadota,Pseudomonadati,Bacteria
OEF98593.1_766136,0.8437,3.09,,OEF98593.1,Desulfuribacillus alkaliarsenatis,Desulfuribacillus alkaliarsenatis,Desulfuribacillus,Desulfuribacillaceae,Desulfuribacillales,Desulfuribacillia,Bacillota,Bacillati,Bacteria
OEH53041.1_1742575,0.8936,2.13,,OEH53041.1,Oceanobacillus sp. E9,unclassified Oceanobacillus,Oceanobacillus,Bacillaceae,Bacillales,Bacilli,Bacillota,Bacillati,Bacteria
OEH85806.1_1390249,0.9168,2.14,,OEH85806.1,Desulfuribacillus stibiiarsenatis,Desulfuribacillus stibiiarsenatis,Desulfuribacillus,Desulfuribacillaceae,Desulfuribacillales,Desulfuribacillia,Bacillota,Bacillati,Bacteria
OEJ34352.1_36818,0.6777,3.94,,OEJ34352.1,Streptomyces subrutilus,Streptomyces subrutilus,Streptomyces,Streptomycetaceae,Kitasatosporales,Actinomycetes,Actinomycetota,Bacillati,Bacteria
OFE12956.1_1524254,0.9328,1.59,,OFE12956.1,Pseudohongiella acticola,Pseudohongiella acticola,Pseudohongiella,Pseudohongiellaceae,Pseudomonadales,Gammaproteobacteria,Pseudomonadota,Pseudomonadati,Bacteria
OIJ15977.1_85682,0.8754,2.43,,OIJ15977.1,Anaerobacillus arseniciselenatis,Anaerobacillus arseniciselenatis,Anaerobacillus,Bacillaceae,Bacillales,Bacilli,Bacillota,Bacillati,Bacteria
OIJ20386.1_472963,0.8948,2.15,,OIJ20386.1,Anaerobacillus alkalidiazotrophicus,Anaerobacillus alkalidiazotrophicus,Anaerobacillus,Bacillaceae,Bacillales,Bacilli,Bacillota,Bacillati,Bacteria
OIJ93008.1_1428652,0.7561,3.33,,OIJ93008.1,Streptomyces colonosanans,Streptomyces colonosanans,Streptomyces,Streptomycetaceae,Kitasatosporales,Actinomycetes,Actinomycetota,Bacillati,Bacteria
OIQ33085.1_1860092,0.8506,2.77,,OIQ33085.1,Alphaproteobacteria bacterium MedPE-SWcel,Alphaproteobacteria bacterium MedPE-SWcel,,,unclassified Alphaproteobacteria,Alphaproteobacteria,Pseudomonadota,Pseudomonadati,Bacteria
OIQ33152.1_1860092,0.9421,1.51,,OIQ33152.1,Alphaproteobacteria bacterium MedPE-SWcel,Alphaproteobacteria bacterium MedPE-SWcel,,,unclassified Alphaproteobacteria,Alphaproteobacteria,Pseudomonadota,Pseudomonadati,Bacteria
OIQ46014.1_1860088,0.8756,2.45,,OIQ46014.1,Roseobacter sp. MedPE-SW,unclassified Roseobacter,Roseobacter,Roseobacteraceae,Rhodobacterales,Alphaproteobacteria,Pseudomonadota,Pseudomonadati,Bacteria
OJF92474.1_1798805,0.9332,1.64,,OJF92474.1,Pararhizobium antarcticum,Pararhizobium antarcticum,Pararhizobium,Rhizobiaceae,Hyphomicrobiales,Alphaproteobacteria,Pseudomonadota,Pseudomonadati,Bacteria
OJH06953.1_59754,0.9359,1.59,,OJH06953.1,Alcanivorax borkumensis,Alcanivorax borkumensis,Alcanivorax,Alcanivoracaceae,Oceanospirillales,Gammaproteobacteria,Pseudomonadota,Pseudomonadati,Bacteria
OJH43902.1_1520813,0.9859,0.85,,OJH43902.1,Paracoccus sp. SM22M-07,unclassified Paracoccus (in: a-proteobacteria),Paracoccus,Paracoccaceae,Rhodobacterales,Alphaproteobacteria,Pseudomonadota,Pseudomonadati,Bacteria
OJJ13411.1_1905358,0.9196,1.96,,OJJ13411.1,Alphaproteobacteria bacterium AO1-B,Alphaproteobacteria bacterium AO1-B,,,unclassified Alphaproteobacteria,Alphaproteobacteria,Pseudomonadota,Pseudomonadati,Bacteria
OKJ23883.1_1703932,0.7288,3.65,,OKJ23883.1,Streptomyces sp. CB00316,unclassified Streptomyces,Streptomyces,Streptomycetaceae,Kitasatosporales,Actinomycetes,Actinomycetota,Bacillati,Bacteria
OKL42731.1_197461,0.7597,2.3,,OKL42731.1,Pseudovibrio exalbescens,Pseudovibrio exalbescens,Pseudovibrio,Stappiaceae,Hyphomicrobiales,Alphaproteobacteria,Pseudomonadota,Pseudomonadati,Bacteria
OLO42753.1_79885,0.8859,2.32,,OLO42753.1,Alkalihalophilus pseudofirmus,Alkalihalophilus pseudofirmus,Alkalihalophilus,Bacillaceae,Bacillales,Bacilli,Bacillota,Bacillati,Bacteria
OLS35985.1_79885,0.8682,2.62,,OLS35985.1,Alkalihalophilus pseudofirmus,Alkalihalophilus pseudofirmus,Alkalihalophilus,Bacillaceae,Bacillales,Bacilli,Bacillota,Bacillati,Bacteria
OMF04753.1_1920421,0.7985,3.33,,OMF04753.1,Paenibacillus sp. FSL H7-0331,unclassified Paenibacillus,Paenibacillus,Paenibacillaceae,Bacillales,Bacilli,Bacillota,Bacillati,Bacteria
OMG54704.1_418702,0.8949,2.41,,OMG54704.1,Azonexus hydrophilus,Azonexus hydrophilus,Azonexus,Azonexaceae,Rhodocyclales,Betaproteobacteria,Pseudomonadota,Pseudomonadati,Bacteria
OMI10047.1_1925020,0.8072,3.22,,OMI10047.1,Bacillus swezeyi,Bacillus swezeyi,Bacillus,Bacillaceae,Bacillales,Bacilli,Bacillota,Bacillati,Bacteria
ONH85484.1_501863,0.9249,1.88,,ONH85484.1,Thalassospira sp. MCCC 1A02803,unclassified Thalassospira,Thalassospira,Thalassospiraceae,Rhodospirillales,Alphaproteobacteria,Pseudomonadota,Pseudomonadati,Bacteria
OOC09152.1_252474,0.8846,2.47,,OOC09152.1,Thioalkalivibrio halophilus,Thioalkalivibrio halophilus,Thioalkalivibrio,Ectothiorhodospiraceae,Chromatiales,Gammaproteobacteria,Pseudomonadota,Pseudomonadati,Bacteria
OOQ50355.1_1890,0.7652,3.29,,OOQ50355.1,Streptomyces antibioticus,Streptomyces antibioticus,Streptomyces,Streptomycetaceae,Kitasatosporales,Actinomycetes,Actinomycetota,Bacillati,Bacteria
OOY34812.1_2340,0.9049,2.01,,OOY34812.1,Solemya velum gill symbiont,Solemya velum gill symbiont,,sulfur-oxidizing symbionts,Gammaproteobacteria incertae sedis,Gammaproteobacteria,Pseudomonadota,Pseudomonadati,Bacteria
OOZ39751.1_642797,0.9092,2.18,,OOZ39751.1,Solemya pervernicosa gill symbiont,Solemya pervernicosa gill symbiont,,sulfur-oxidizing symbionts,Gammaproteobacteria incertae sedis,Gammaproteobacteria,Pseudomonadota,Pseudomonadati,Bacteria
OQX31614.1_2548426,0.8929,2.28,,OQX31614.1,Candidatus Sedimenticola endophacoides,Candidatus Sedimenticola endophacoides,Sedimenticola,Sedimenticolaceae,Chromatiales,Gammaproteobacteria,Pseudomonadota,Pseudomonadati,Bacteria
OQY45316.1_1972449,0.9048,2.25,,OQY45316.1,Candidatus Parabeggiatoa sp. nov. 2,unclassified Candidatus Parabeggiatoa,Candidatus Parabeggiatoa,Thiotrichaceae,Thiotrichales,Gammaproteobacteria,Pseudomonadota,Pseudomonadati,Bacteria
ORT58637.1_1907777,0.7383,3.59,,ORT58637.1,Streptomyces sp. CB03238,unclassified Streptomyces,Streptomyces,Streptomycetaceae,Kitasatosporales,Actinomycetes,Actinomycetota,Bacillati,Bacteria
OSP53665.1_1933035,0.9906,0.65,,OSP53665.1,Pseudoruegeria sp. SK021,unclassified Pseudoruegeria,Pseudoruegeria,Roseobacteraceae,Rhodobacterales,Alphaproteobacteria,Pseudomonadota,Pseudomonadati,Bacteria
OSQ65858.1_505252,0.9776,0.34,,OSQ65858.1,Marivita cryptomonadis,Marivita cryptomonadis,Marivita,Roseobacteraceae,Rhodobacterales,Alphaproteobacteria,Pseudomonadota,Pseudomonadati,Bacteria
OUD09899.1_1930667,0.9275,1.52,,OUD09899.1,Marivivens niveibacter,Marivivens niveibacter,Marivivens,Paracoccaceae,Rhodobacterales,Alphaproteobacteria,Pseudomonadota,Pseudomonadati,Bacteria
OUD16043.1_1570016,0.9231,1.9,,OUD16043.1,Thioflexithrix psekupsensis,Thioflexithrix psekupsensis,Thioflexithrix,Thiotrichales incertae sedis,Thiotrichales,Gammaproteobacteria,Pseudomonadota,Pseudomonadati,Bacteria
OUX99699.1_1986776,0.9035,2.06,,OUX99699.1,Hyphomonadaceae bacterium TMED5,Hyphomonadaceae bacterium TMED5,unclassified Hyphomonadaceae,Hyphomonadaceae,Hyphomonadales,Alphaproteobacteria,Pseudomonadota,Pseudomonadati,Bacteria
OWU72775.1_1317111,0.9604,1.07,,OWU72775.1,Phaeobacter sp. 22II1-1F12B,unclassified Phaeobacter,Phaeobacter,Roseobacteraceae,Rhodobacterales,Alphaproteobacteria,Pseudomonadota,Pseudomonadati,Bacteria
OWU75765.1_1679460,0.937,1.7,,OWU75765.1,Marinibacterium profundimaris,Marinibacterium profundimaris,Marinibacterium,Paracoccaceae,Rhodobacterales,Alphaproteobacteria,Pseudomonadota,Pseudomonadati,Bacteria
OWU81008.1_1317111,0.8669,2.52,,OWU81008.1,Phaeobacter sp. 22II1-1F12B,unclassified Phaeobacter,Phaeobacter,Roseobacteraceae,Rhodobacterales,Alphaproteobacteria,Pseudomonadota,Pseudomonadati,Bacteria
OWY14254.1_1973004,0.9595,1.09,,OWY14254.1,Thioclava sp. JM3,unclassified Thioclava,Thioclava,Paracoccaceae,Rhodobacterales,Alphaproteobacteria,Pseudomonadota,Pseudomonadati,Bacteria
OXT00698.1_1876515,0.9393,1.53,,OXT00698.1,Notoacmeibacter marinus,Notoacmeibacter marinus,Notoacmeibacter,Notoacmeibacteraceae,Hyphomicrobiales,Alphaproteobacteria,Pseudomonadota,Pseudomonadati,Bacteria
OYD07350.1_1642702,0.8238,2.32,,OYD07350.1,Paludifilum halophilum,Paludifilum halophilum,Paludifilum,Thermoactinomycetaceae,Bacillales,Bacilli,Bacillota,Bacillati,Bacteria
OYU17162.1_2015578,0.9377,1.56,,OYU17162.1,Rhodobacteraceae bacterium PARR1,Rhodobacteraceae bacterium PARR1,unclassified Paracoccaceae,Paracoccaceae,Rhodobacterales,Alphaproteobacteria,Pseudomonadota,Pseudomonadati,Bacteria
OYU52494.1_2015569,0.9365,1.59,,OYU52494.1,Alphaproteobacteria bacterium PA1,Alphaproteobacteria bacterium PA1,,,unclassified Alphaproteobacteria,Alphaproteobacteria,Pseudomonadota,Pseudomonadati,Bacteria
OYW93573.1_1970502,0.9157,1.97,,OYW93573.1,Caulobacterales bacterium 32-67-6,Caulobacterales bacterium 32-67-6,,unclassified Caulobacterales,Caulobacterales,Alphaproteobacteria,Pseudomonadota,Pseudomonadati,Bacteria
PAD41350.1_2023231,0.8783,2.5,,PAD41350.1,Bacillus sp. 7520-S,unclassified Bacillus (in: firmicutes),Bacillus,Bacillaceae,Bacillales,Bacilli,Bacillota,Bacillati,Bacteria
PAE27248.1_2022552,0.9019,2.07,,PAE27248.1,Paenibacillus sp. 7884-2,unclassified Paenibacillus,Paenibacillus,Paenibacillaceae,Bacillales,Bacilli,Bacillota,Bacillati,Bacteria
PAK22022.1_2026340,0.7354,3.68,,PAK22022.1,Streptomyces sp. alain-838,unclassified Streptomyces,Streptomyces,Streptomycetaceae,Kitasatosporales,Actinomycetes,Actinomycetota,Bacillati,Bacteria
PAV31565.1_2024555,0.9072,2,,PAV31565.1,Virgibacillus profundi,Virgibacillus profundi,Virgibacillus,Bacillaceae,Bacillales,Bacilli,Bacillota,Bacillati,Bacteria
PBC66162.1_1938860,0.7167,3.88,,PBC66162.1,Streptomyces sp. TLI_235,unclassified Streptomyces,Streptomyces,Streptomycetaceae,Kitasatosporales,Actinomycetes,Actinomycetota,Bacillati,Bacteria
PCG84628.1_2023771,0.742,3.5,,PCG84628.1,Streptomyces sp. WZ.A104,unclassified Streptomyces,Streptomyces,Streptomycetaceae,Kitasatosporales,Actinomycetes,Actinomycetota,Bacillati,Bacteria
PCH81874.1_1909294,0.9254,1.78,,PCH81874.1,Hyphomicrobiales bacterium,Hyphomicrobiales bacterium,,unclassified Hyphomicrobiales,Hyphomicrobiales,Alphaproteobacteria,Pseudomonadota,Pseudomonadati,Bacteria
PCJ07742.1_1904441,0.8708,2.58,,PCJ07742.1,Paracoccaceae bacterium,Paracoccaceae bacterium,unclassified Paracoccaceae,Paracoccaceae,Rhodobacterales,Alphaproteobacteria,Pseudomonadota,Pseudomonadati,Bacteria
PCJ09789.1_1904441,0.9425,1.45,,PCJ09789.1,Paracoccaceae bacterium,Paracoccaceae bacterium,unclassified Paracoccaceae,Paracoccaceae,Rhodobacterales,Alphaproteobacteria,Pseudomonadota,Pseudomonadati,Bacteria
PFG45445.1_1761909,0.7749,3.21,,PFG45445.1,Vibrio sp. ES.051,unclassified Vibrio,Vibrio,Vibrionaceae,Vibrionales,Gammaproteobacteria,Pseudomonadota,Pseudomonadati,Bacteria
PFG62191.1_1798203,0.8753,2.5,,PFG62191.1,Thioclava sp. ES.031,unclassified Thioclava,Thioclava,Paracoccaceae,Rhodobacterales,Alphaproteobacteria,Pseudomonadota,Pseudomonadati,Bacteria
PFG95921.1_405948,0.9382,1.55,,PFG95921.1,Saccharopolyspora erythraea NRRL 2338,Saccharopolyspora erythraea,Saccharopolyspora,Pseudonocardiaceae,Pseudonocardiales,Actinomycetes,Actinomycetota,Bacillati,Bacteria
PFG96220.1_405948,0.8972,2.51,,PFG96220.1,Saccharopolyspora erythraea NRRL 2338,Saccharopolyspora erythraea,Saccharopolyspora,Pseudonocardiaceae,Pseudonocardiales,Actinomycetes,Actinomycetota,Bacillati,Bacteria
PHO05511.1_2045445,0.9388,1.6,,PHO05511.1,Rhodobacteraceae bacterium 4F10,Rhodobacteraceae bacterium 4F10,unclassified Paracoccaceae,Paracoccaceae,Rhodobacterales,Alphaproteobacteria,Pseudomonadota,Pseudomonadati,Bacteria
PHP28086.1_1125964,0.9432,1.53,,PHP28086.1,Limimaricola cinnabarinus,Limimaricola cinnabarinus,Limimaricola,Paracoccaceae,Rhodobacterales,Alphaproteobacteria,Pseudomonadota,Pseudomonadati,Bacteria
PHP64729.1_1982044,0.9241,1.74,,PHP64729.1,Zhengella mangrovi,Zhengella mangrovi,Zhengella,Notoacmeibacteraceae,Hyphomicrobiales,Alphaproteobacteria,Pseudomonadota,Pseudomonadati,Bacteria
PHP65267.1_1982044,0.9178,1.97,,PHP65267.1,Zhengella mangrovi,Zhengella mangrovi,Zhengella,Notoacmeibacteraceae,Hyphomicrobiales,Alphaproteobacteria,Pseudomonadota,Pseudomonadati,Bacteria
PHQ86009.1_2030825,0.9692,1.04,,PHQ86009.1,Thalassobium sp.,unclassified Thalassobium,Thalassobium,Paracoccaceae,Rhodobacterales,Alphaproteobacteria,Pseudomonadota,Pseudomonadati,Bacteria
PHQ98669.1_2030815,0.9267,1.79,,PHQ98669.1,Marinosulfonomonas sp.,unclassified Marinosulfonomonas,Marinosulfonomonas,Paracoccaceae,Rhodobacterales,Alphaproteobacteria,Pseudomonadota,Pseudomonadati,Bacteria
PIB26183.1_1889778,0.9427,1.54,,PIB26183.1,Paramylibacter kogurei,Paramylibacter kogurei,Paramylibacter,Paracoccaceae,Rhodobacterales,Alphaproteobacteria,Pseudomonadota,Pseudomonadati,Bacteria
PIL19578.1_1206336,0.9807,0.38,,PIL19578.1,Puniceibacterium antarcticum,Puniceibacterium antarcticum,Puniceibacterium,Paracoccaceae,Rhodobacterales,Alphaproteobacteria,Pseudomonadota,Pseudomonadati,Bacteria
PIR38105.1_1973900,0.8991,2.33,,PIR38105.1,Alphaproteobacteria bacterium CG11_big_fil_rev_8_21_14_0_20_39_49,Alphaproteobacteria bacterium CG11_big_fil_rev_8_21_14_0_20_39_49,,,unclassified Alphaproteobacteria,Alphaproteobacteria,Pseudomonadota,Pseudomonadati,Bacteria
PIV73982.1_1974083,0.9411,1.54,,PIV73982.1,Rhodobacteraceae bacterium CG17_big_fil_post_rev_8_21_14_2_50_65_11,Rhodobacteraceae bacterium CG17_big_fil_post_rev_8_21_14_2_50_65_11,unclassified Paracoccaceae,Paracoccaceae,Rhodobacterales,Alphaproteobacteria,Pseudomonadota,Pseudomonadati,Bacteria
PIV77014.1_1974082,0.8178,0.74,,PIV77014.1,Rhodobacteraceae bacterium CG17_big_fil_post_rev_8_21_14_2_50_63_15,Rhodobacteraceae bacterium CG17_big_fil_post_rev_8_21_14_2_50_63_15,unclassified Paracoccaceae,Paracoccaceae,Rhodobacterales,Alphaproteobacteria,Pseudomonadota,Pseudomonadati,Bacteria
PIY73416.1_1974084,0.9887,0.64,,PIY73416.1,Rhodobacterales bacterium CG_4_10_14_0_8_um_filter_70_9,Rhodobacterales bacterium CG_4_10_14_0_8_um_filter_70_9,,unclassified Rhodobacterales,Rhodobacterales,Alphaproteobacteria,Pseudomonadota,Pseudomonadati,Bacteria
PJF10170.1_2052957,0.9589,1.13,,PJF10170.1,Pseudorhodobacter sp. MZDSW-24AT,unclassified Pseudorhodobacter,Pseudorhodobacter,Paracoccaceae,Rhodobacterales,Alphaproteobacteria,Pseudomonadota,Pseudomonadati,Bacteria
PJM84260.1_2020331,0.7216,3.59,,PJM84260.1,Streptomyces sp. TSRI0384-2,unclassified Streptomyces,Streptomyces,Streptomycetaceae,Kitasatosporales,Actinomycetes,Actinomycetota,Bacillati,Bacteria
PJM91594.1_2020325,0.7337,3.51,,PJM91594.1,Streptomyces sp. CB01373,unclassified Streptomyces,Streptomyces,Streptomycetaceae,Kitasatosporales,Actinomycetes,Actinomycetota,Bacillati,Bacteria
PJN18539.1_2020327,0.7388,3.46,,PJN18539.1,Streptomyces sp. CB02120-2,unclassified Streptomyces,Streptomyces,Streptomycetaceae,Kitasatosporales,Actinomycetes,Actinomycetota,Bacillati,Bacteria
PKP80376.1_2013664,0.88,2.37,,PKP80376.1,Alphaproteobacteria bacterium HGW-Alphaproteobacteria-18,Alphaproteobacteria bacterium HGW-Alphaproteobacteria-18,,,unclassified Alphaproteobacteria,Alphaproteobacteria,Pseudomonadota,Pseudomonadati,Bacteria
PKP85351.1_2013665,0.9754,0.96,,PKP85351.1,Alphaproteobacteria bacterium HGW-Alphaproteobacteria-2,Alphaproteobacteria bacterium HGW-Alphaproteobacteria-2,,,unclassified Alphaproteobacteria,Alphaproteobacteria,Pseudomonadota,Pseudomonadati,Bacteria
PKQ12654.1_2013655,0.9753,0.97,,PKQ12654.1,Alphaproteobacteria bacterium HGW-Alphaproteobacteria-1,Alphaproteobacteria bacterium HGW-Alphaproteobacteria-1,,,unclassified Alphaproteobacteria,Alphaproteobacteria,Pseudomonadota,Pseudomonadati,Bacteria
PKR77246.1_2018042,0.9126,1.85,,PKR77246.1,Halalkalibacillus sediminis,Halalkalibacillus sediminis,Halalkalibacillus,Bacillaceae,Bacillales,Bacilli,Bacillota,Bacillati,Bacteria
PKV63769.1_1336805,0.7849,2.9,,PKV63769.1,Polaribacter sp. Hel1_33_96,unclassified Polaribacter,Polaribacter,Flavobacteriaceae,Flavobacteriales,Flavobacteriia,Bacteroidota,Pseudomonadati,Bacteria
PKW16974.1_60894,0.9341,1.61,,PKW16974.1,Saccharopolyspora spinosa,Saccharopolyspora spinosa,Saccharopolyspora,Pseudonocardiaceae,Pseudonocardiales,Actinomycetes,Actinomycetota,Bacillati,Bacteria
PLL14822.1_2067452,0.9254,1.72,,PLL14822.1,Tabrizicola sp. TH137,unclassified Tabrizicola,Tabrizicola,Paracoccaceae,Rhodobacterales,Alphaproteobacteria,Pseudomonadota,Pseudomonadati,Bacteria
PLS22865.1_2035344,0.9318,1.71,,PLS22865.1,Neptunicoccus cionae,Neptunicoccus cionae,Neptunicoccus,Paracoccaceae,Rhodobacterales,Alphaproteobacteria,Pseudomonadota,Pseudomonadati,Bacteria
PLW75772.1_2067669,0.9217,1.77,,PLW75772.1,Cohaesibacter celericrescens,Cohaesibacter celericrescens,Cohaesibacter,Cohaesibacteraceae,Hyphomicrobiales,Alphaproteobacteria,Pseudomonadota,Pseudomonadati,Bacteria
PLX34818.1_1909294,0.9287,1.78,,PLX34818.1,Hyphomicrobiales bacterium,Hyphomicrobiales bacterium,,unclassified Hyphomicrobiales,Hyphomicrobiales,Alphaproteobacteria,Pseudomonadota,Pseudomonadati,Bacteria
PLX38662.1_1909294,0.9224,1.93,,PLX38662.1,Hyphomicrobiales bacterium,Hyphomicrobiales bacterium,,unclassified Hyphomicrobiales,Hyphomicrobiales,Alphaproteobacteria,Pseudomonadota,Pseudomonadati,Bacteria
PMR57544.1_2069341,0.7618,3.49,,PMR57544.1,Verrucosispora sp. ts21,unclassified Micromonospora,Micromonospora,Micromonosporaceae,Micromonosporales,Actinomycetes,Actinomycetota,Bacillati,Bacteria
POG45426.1_1933029,0.7198,3.5,,POG45426.1,Streptomyces sp. ZL-24,unclassified Streptomyces,Streptomyces,Streptomycetaceae,Kitasatosporales,Actinomycetes,Actinomycetota,Bacillati,Bacteria
PPA71834.1_2082395,0.9085,1.94,,PPA71834.1,Jeotgalibacillus proteolyticus,Jeotgalibacillus proteolyticus,Jeotgalibacillus,Caryophanaceae,Bacillales,Bacilli,Bacillota,Bacillati,Bacteria
PPK53519.1_930118,0.7348,3.91,,PPK53519.1,Marinobacter persicus,Marinobacter persicus,Marinobacter,Marinobacteraceae,Pseudomonadales,Gammaproteobacteria,Pseudomonadota,Pseudomonadati,Bacteria
PPK88267.1_1514080,0.7166,3.63,,PPK88267.1,Neolewinella xylanilytica,Neolewinella xylanilytica,Neolewinella,Lewinellaceae,Saprospirales,Saprospiria,Bacteroidota,Pseudomonadati,Bacteria
PQO24699.1_2086263,0.9754,0.89,,PQO24699.1,Rhodobacteraceae bacterium WD3A24,Rhodobacteraceae bacterium WD3A24,unclassified Paracoccaceae,Paracoccaceae,Rhodobacterales,Alphaproteobacteria,Pseudomonadota,Pseudomonadati,Bacteria
PRH82684.1_2058085,0.9049,2.06,,PRH82684.1,Arenimonas caeni,Arenimonas caeni,Arenimonas,Lysobacteraceae,Lysobacterales,Gammaproteobacteria,Pseudomonadota,Pseudomonadati,Bacteria
PRO66746.1_1548213,0.9222,1.92,,PRO66746.1,Alkalicoccus urumqiensis,Alkalicoccus urumqiensis,Alkalicoccus,Bacillaceae,Bacillales,Bacilli,Bacillota,Bacillati,Bacteria
PRX05072.1_293089,0.899,2.23,,PRX05072.1,Martelella mediterranea,Martelella mediterranea,Martelella,Aurantimonadaceae,Hyphomicrobiales,Alphaproteobacteria,Pseudomonadota,Pseudomonadati,Bacteria
PRX13829.1_113567,0.759,3.52,,PRX13829.1,Actinoplanes italicus,Actinoplanes italicus,Actinoplanes,Micromonosporaceae,Micromonosporales,Actinomycetes,Actinomycetota,Bacillati,Bacteria
PRX19809.1_113567,0.7353,3.46,,PRX19809.1,Actinoplanes italicus,Actinoplanes italicus,Actinoplanes,Micromonosporaceae,Micromonosporales,Actinomycetes,Actinomycetota,Bacillati,Bacteria
PRX40325.1_201975,0.8833,2.19,,PRX40325.1,Planifilum fimeticola,Planifilum fimeticola,Planifilum,Thermoactinomycetaceae,Bacillales,Bacilli,Bacillota,Bacillati,Bacteria
PRX50307.1_1453103,0.9204,1.86,,PRX50307.1,Prauserella shujinwangii,Prauserella shujinwangii,Prauserella,Pseudonocardiaceae,Pseudonocardiales,Actinomycetes,Actinomycetota,Bacillati,Bacteria
PRX62074.1_1291556,0.9359,1.38,,PRX62074.1,Nonomuraea fuscirosea,Nonomuraea fuscirosea,Nonomuraea,Streptosporangiaceae,Streptosporangiales,Actinomycetes,Actinomycetota,Bacillati,Bacteria
PRX97217.1_1144618,0.9069,2,,PRX97217.1,Allonocardiopsis opalescens,Allonocardiopsis opalescens,Allonocardiopsis,Streptosporangiales incertae sedis,Streptosporangiales,Actinomycetes,Actinomycetota,Bacillati,Bacteria
PRY20657.1_1280846,0.841,0.95,,PRY20657.1,Aliiruegeria haliotis,Aliiruegeria haliotis,Aliiruegeria,Roseobacteraceae,Rhodobacterales,Alphaproteobacteria,Pseudomonadota,Pseudomonadati,Bacteria
PRY38214.1_84725,0.8659,2.85,,PRY38214.1,Umezawaea tangerina,Umezawaea tangerina,Umezawaea,Pseudonocardiaceae,Pseudonocardiales,Actinomycetes,Actinomycetota,Bacillati,Bacteria
PRY61899.1_1076443,0.6641,4.25,,PRY61899.1,Glycomyces artemisiae,Glycomyces artemisiae,Glycomyces,Glycomycetaceae,Glycomycetales,Actinomycetes,Actinomycetota,Bacillati,Bacteria
PRY66216.1_1176243,0.7365,4.04,,PRY66216.1,Vreelandella songnenensis,Vreelandella songnenensis,Vreelandella,Halomonadaceae,Oceanospirillales,Gammaproteobacteria,Pseudomonadota,Pseudomonadati,Bacteria
PRY77666.1_1435347,0.9721,1.15,,PRY77666.1,Yoonia maritima,Yoonia maritima,Yoonia,Paracoccaceae,Rhodobacterales,Alphaproteobacteria,Pseudomonadota,Pseudomonadati,Bacteria
PRY91743.1_1652492,0.9532,1.23,,PRY91743.1,Donghicola tyrosinivorans,Donghicola tyrosinivorans,Donghicola,Roseobacteraceae,Rhodobacterales,Alphaproteobacteria,Pseudomonadota,Pseudomonadati,Bacteria
PRY93042.1_595589,0.9808,0.98,,PRY93042.1,Hasllibacter halocynthiae,Hasllibacter halocynthiae,Hasllibacter,Roseobacteraceae,Rhodobacterales,Alphaproteobacteria,Pseudomonadota,Pseudomonadati,Bacteria
PSJ30681.1_35764,0.7319,3.78,,PSJ30681.1,Streptosporangium nondiastaticum,Streptosporangium nondiastaticum,Streptosporangium,Streptosporangiaceae,Streptosporangiales,Actinomycetes,Actinomycetota,Bacillati,Bacteria
PSJ54843.1_2116701,0.9326,1.69,,PSJ54843.1,Kumtagia ephedrae,Kumtagia ephedrae,Kumtagia,Phyllobacteriaceae,Hyphomicrobiales,Alphaproteobacteria,Pseudomonadota,Pseudomonadati,Bacteria
PSK88771.1_645275,0.9055,2.03,,PSK88771.1,Murinocardiopsis flavida,Murinocardiopsis flavida,Murinocardiopsis,Nocardiopsidaceae,Streptosporangiales,Actinomycetes,Actinomycetota,Bacillati,Bacteria
PSK98388.1_645275,0.911,1.94,,PSK98388.1,Murinocardiopsis flavida,Murinocardiopsis flavida,Murinocardiopsis,Nocardiopsidaceae,Streptosporangiales,Actinomycetes,Actinomycetota,Bacillati,Bacteria
PSL00734.1_645275,0.8982,1.94,,PSL00734.1,Murinocardiopsis flavida,Murinocardiopsis flavida,Murinocardiopsis,Nocardiopsidaceae,Streptosporangiales,Actinomycetes,Actinomycetota,Bacillati,Bacteria
PSL13397.1_267374,0.7361,3.95,,PSL13397.1,Marinobacterium halophilum,Marinobacterium halophilum,Marinobacterium,Oceanospirillaceae,Oceanospirillales,Gammaproteobacteria,Pseudomonadota,Pseudomonadati,Bacteria
PSL18319.1_1662395,0.9638,1.14,,PSL18319.1,Shimia abyssi,Shimia abyssi,Shimia,Roseobacteraceae,Rhodobacterales,Alphaproteobacteria,Pseudomonadota,Pseudomonadati,Bacteria
PSL41576.1_1176648,0.843,2.66,,PSL41576.1,Planomicrobium soli,Planomicrobium soli,Planomicrobium,Caryophanaceae,Bacillales,Bacilli,Bacillota,Bacillati,Bacteria
PSL50801.1_517424,0.8877,2.42,,PSL50801.1,Salsuginibacillus halophilus,Salsuginibacillus halophilus,Salsuginibacillus,Bacillaceae,Bacillales,Bacilli,Bacillota,Bacillati,Bacteria
PSL53521.1_1280637,0.9203,1.8,,PSL53521.1,Saccharothrix carnea,Saccharothrix carnea,Saccharothrix,Pseudonocardiaceae,Pseudonocardiales,Actinomycetes,Actinomycetota,Bacillati,Bacteria
PSM17281.1_2126741,0.9666,1.16,,PSM17281.1,Nitratireductor sp. StC3,unclassified Nitratireductor,Nitratireductor,Phyllobacteriaceae,Hyphomicrobiales,Alphaproteobacteria,Pseudomonadota,Pseudomonadati,Bacteria
PSM37648.1_2109333,0.7509,3.52,,PSM37648.1,Streptomyces dioscori,Streptomyces dioscori,Streptomyces,Streptomycetaceae,Kitasatosporales,Actinomycetes,Actinomycetota,Bacillati,Bacteria
PTL40440.1_200989,0.8631,2.54,,PTL40440.1,Alkalicoccus saliphilus,Alkalicoccus saliphilus,Alkalicoccus,Bacillaceae,Bacillales,Bacilli,Bacillota,Bacillati,Bacteria
PTM50846.1_1122261,0.9364,1.73,,PTM50846.1,Phreatobacter oligotrophus,Phreatobacter oligotrophus,Phreatobacter,Phreatobacteraceae,Hyphomicrobiales,Alphaproteobacteria,Pseudomonadota,Pseudomonadati,Bacteria
PTM59617.1_1121389,0.845,2.94,,PTM59617.1,Desmospora activa DSM 45169,Desmospora activa,Desmospora,Thermoactinomycetaceae,Bacillales,Bacilli,Bacillota,Bacillati,Bacteria
PTN01893.1_365340,0.971,0.92,,PTN01893.1,Rhodovulum imhoffii,Rhodovulum imhoffii,Rhodovulum,Paracoccaceae,Rhodobacterales,Alphaproteobacteria,Pseudomonadota,Pseudomonadati,Bacteria
PTN33495.1_2109626,0.924,1.84,,PTN33495.1,Desulfonatronum sp. SC1,unclassified Desulfonatronum,Desulfonatronum,Desulfonatronaceae,Desulfovibrionales,Desulfovibrionia,Thermodesulfobacteriota,Pseudomonadati,Bacteria
PTQ76056.1_1651082,0.9701,0.63,,PTQ76056.1,Celeribacter persicus,Celeribacter persicus,Celeribacter,Roseobacteraceae,Rhodobacterales,Alphaproteobacteria,Pseudomonadota,Pseudomonadati,Bacteria
PTR14074.1_43057,0.9719,1.04,,PTR14074.1,Cereibacter azotoformans,Cereibacter azotoformans,Cereibacter,Paracoccaceae,Rhodobacterales,Alphaproteobacteria,Pseudomonadota,Pseudomonadati,Bacteria
PTW62137.1_665038,0.922,1.94,,PTW62137.1,Breoghania corrubedonensis,Breoghania corrubedonensis,Breoghania,Stappiaceae,Hyphomicrobiales,Alphaproteobacteria,Pseudomonadota,Pseudomonadati,Bacteria
PTX02982.1_404875,0.9547,1.11,,PTX02982.1,Pararhodobacter aggregans,Pararhodobacter aggregans,Pararhodobacter,Paracoccaceae,Rhodobacterales,Alphaproteobacteria,Pseudomonadota,Pseudomonadati,Bacteria
PTX51447.1_1267769,0.9711,1.06,,PTX51447.1,Allosediminivita pacifica,Allosediminivita pacifica,Allosediminivita,Paracoccaceae,Rhodobacterales,Alphaproteobacteria,Pseudomonadota,Pseudomonadati,Bacteria
PTX58044.1_1510457,0.9805,0.54,,PTX58044.1,Litoreibacter ponti,Litoreibacter ponti,Litoreibacter,Roseobacteraceae,Rhodobacterales,Alphaproteobacteria,Pseudomonadota,Pseudomonadati,Bacteria
PTX65019.1_1242148,0.8859,2.27,,PTX65019.1,Melghirimyces profundicolus,Melghirimyces profundicolus,Melghirimyces,Thermoactinomycetaceae,Bacillales,Bacilli,Bacillota,Bacillati,Bacteria
PTX75738.1_83219,0.9706,1.08,,PTX75738.1,Sulfitobacter mediterraneus,Sulfitobacter mediterraneus,Sulfitobacter,Roseobacteraceae,Rhodobacterales,Alphaproteobacteria,Pseudomonadota,Pseudomonadati,Bacteria
PUB17618.1_1286148,0.9741,0.49,,PUB17618.1,Yoonia sediminilitoris,Yoonia sediminilitoris,Yoonia,Paracoccaceae,Rhodobacterales,Alphaproteobacteria,Pseudomonadota,Pseudomonadati,Bacteria
PUB28895.1_2135723,0.8789,2.22,,PUB28895.1,Promicromonospora sp. AC04,unclassified Promicromonospora,Promicromonospora,Promicromonosporaceae,Micrococcales,Actinomycetes,Actinomycetota,Bacillati,Bacteria
PVA07741.1_2170577,0.9786,0.47,,PVA07741.1,Thalassorhabdomicrobium marinisediminis,Thalassorhabdomicrobium marinisediminis,Thalassorhabdomicrobium,Paracoccaceae,Rhodobacterales,Alphaproteobacteria,Pseudomonadota,Pseudomonadati,Bacteria
PVB62941.1_2171494,0.915,2.05,,PVB62941.1,Labrenzia sp. 011,unclassified Labrenzia,Labrenzia,Stappiaceae,Hyphomicrobiales,Alphaproteobacteria,Pseudomonadota,Pseudomonadati,Bacteria
PVE04922.1_1440053,0.7424,3.57,,PVE04922.1,Streptomyces scopuliridis RB72,Streptomyces scopuliridis,Streptomyces,Streptomycetaceae,Kitasatosporales,Actinomycetes,Actinomycetota,Bacillati,Bacteria
PVH28389.1_2172121,0.9775,0.51,,PVH28389.1,Pararhodobacter oceanensis,Pararhodobacter oceanensis,Pararhodobacter,Paracoccaceae,Rhodobacterales,Alphaproteobacteria,Pseudomonadota,Pseudomonadati,Bacteria
PWA09452.1_2171751,0.8105,3.24,,PWA09452.1,Pueribacillus theae,Pueribacillus theae,Pueribacillus,Bacillaceae,Bacillales,Bacilli,Bacillota,Bacillati,Bacteria
PWB65688.1_2072420,0.8324,2.49,,PWB65688.1,Bradyrhizobiaceae bacterium,Bradyrhizobiaceae bacterium,unclassified Bradyrhizobiaceae,Nitrobacteraceae,Hyphomicrobiales,Alphaproteobacteria,Pseudomonadota,Pseudomonadati,Bacteria
PWE17022.1_2135793,0.8904,2.16,,PWE17022.1,Marinicauda salina,Marinicauda salina,Marinicauda,Maricaulaceae,Maricaulales,Alphaproteobacteria,Pseudomonadota,Pseudomonadati,Bacteria
PWE31764.1_2184063,0.9888,0.64,,PWE31764.1,Pararhodobacter marinus,Pararhodobacter marinus,Pararhodobacter,Paracoccaceae,Rhodobacterales,Alphaproteobacteria,Pseudomonadota,Pseudomonadati,Bacteria
PWE35917.1_2175247,0.9929,0.52,,PWE35917.1,Pelagicola sp. LXJ1103,unclassified Shimia,Shimia,Roseobacteraceae,Rhodobacterales,Alphaproteobacteria,Pseudomonadota,Pseudomonadati,Bacteria
PWG09783.1_1424099,0.7206,3.64,,PWG09783.1,Streptomyces sp. V2,unclassified Streptomyces,Streptomyces,Streptomycetaceae,Kitasatosporales,Actinomycetes,Actinomycetota,Bacillati,Bacteria
PWG16456.1_1914409,0.957,1.04,,PWG16456.1,Salibaculum griseiflavum,Salibaculum griseiflavum,Salibaculum,Roseobacteraceae,Rhodobacterales,Alphaproteobacteria,Pseudomonadota,Pseudomonadati,Bacteria
PWG64326.1_2182432,0.9288,1.65,,PWG64326.1,Spiribacter halobius,Spiribacter halobius,Spiribacter,Ectothiorhodospiraceae,Chromatiales,Gammaproteobacteria,Pseudomonadota,Pseudomonadati,Bacteria
PWI09595.1_2185284,0.7558,3.61,,PWI09595.1,Streptomyces sp. NWU339,unclassified Streptomyces,Streptomyces,Streptomycetaceae,Kitasatosporales,Actinomycetes,Actinomycetota,Bacillati,Bacteria
PWJ07856.1_2201153,0.6922,3.86,,PWJ07856.1,Streptomyces sp. NWU49,unclassified Streptomyces,Streptomyces,Streptomycetaceae,Kitasatosporales,Actinomycetes,Actinomycetota,Bacillati,Bacteria
PWJ16519.1_475081,0.9706,1.06,,PWJ16519.1,Jannaschia seohaensis,Jannaschia seohaensis,Jannaschia,Roseobacteraceae,Rhodobacterales,Alphaproteobacteria,Pseudomonadota,Pseudomonadati,Bacteria
PWK53039.1_523701,0.9332,1.74,,PWK53039.1,Pleionea mediterranea,Pleionea mediterranea,Pleionea,Pleioneaceae,Oceanospirillales,Gammaproteobacteria,Pseudomonadota,Pseudomonadati,Bacteria
PWK59923.1_164332,0.9304,1.58,,PWK59923.1,Roseicyclus mahoneyensis,Roseicyclus mahoneyensis,Roseicyclus,Roseobacteraceae,Rhodobacterales,Alphaproteobacteria,Pseudomonadota,Pseudomonadati,Bacteria
PWK74840.1_1882405,0.6709,3.76,,PWK74840.1,Streptomyces sp. CG 926,unclassified Streptomyces,Streptomyces,Streptomycetaceae,Kitasatosporales,Actinomycetes,Actinomycetota,Bacillati,Bacteria
PWK85500.1_531938,0.9024,1.87,,PWK85500.1,Lentzea atacamensis,Lentzea atacamensis,Lentzea,Pseudonocardiaceae,Pseudonocardiales,Actinomycetes,Actinomycetota,Bacillati,Bacteria
PWM95015.1_34012,0.7771,2.53,,PWM95015.1,Azospirillum sp.,unclassified Azospirillum,Azospirillum,Azospirillaceae,Rhodospirillales,Alphaproteobacteria,Pseudomonadota,Pseudomonadati,Bacteria
PWR02168.1_2072018,0.9897,0.7,,PWR02168.1,Meridianimarinicoccus roseus,Meridianimarinicoccus roseus,Meridianimarinicoccus,Paracoccaceae,Rhodobacterales,Alphaproteobacteria,Pseudomonadota,Pseudomonadati,Bacteria
PWV44475.1_1938893,0.8896,2.45,,PWV44475.1,Nocardiopsis sp. L17-MgMaSL7,unclassified Nocardiopsis,Nocardiopsis,Nocardiopsidaceae,Streptosporangiales,Actinomycetes,Actinomycetota,Bacillati,Bacteria
PWV52935.1_1938893,0.8604,2.37,,PWV52935.1,Nocardiopsis sp. L17-MgMaSL7,unclassified Nocardiopsis,Nocardiopsis,Nocardiopsidaceae,Streptosporangiales,Actinomycetes,Actinomycetota,Bacillati,Bacteria
PWV77310.1_2183985,0.7232,4.04,,PWV77310.1,Halomonas sp. A11-A,unclassified Halomonas,Halomonas,Halomonadaceae,Oceanospirillales,Gammaproteobacteria,Pseudomonadota,Pseudomonadati,Bacteria
PWW04127.1_274592,0.9231,1.69,,PWW04127.1,Hoeflea marina,Hoeflea marina,Hoeflea,Rhizobiaceae,Hyphomicrobiales,Alphaproteobacteria,Pseudomonadota,Pseudomonadati,Bacteria
PXW78302.1_1938819,0.9949,0.44,,PXW78302.1,Ruegeria sp. P4,unclassified Ruegeria,Ruegeria,Roseobacteraceae,Rhodobacterales,Alphaproteobacteria,Pseudomonadota,Pseudomonadati,Bacteria
PXW83556.1_1494959,0.8634,2.4,,PXW83556.1,Pseudogracilibacillus auburnensis,Pseudogracilibacillus auburnensis,Pseudogracilibacillus,Bacillaceae,Bacillales,Bacilli,Bacillota,Bacillati,Bacteria
PYE34503.1_263723,0.7172,4.2,,PYE34503.1,Idiomarina fontislapidosi,Idiomarina fontislapidosi,Idiomarina,Idiomarinaceae,Alteromonadales,Gammaproteobacteria,Pseudomonadota,Pseudomonadati,Bacteria
PYF78944.1_491949,0.9415,1.5,,PYF78944.1,Marinomonas alcarazii,Marinomonas alcarazii,Marinomonas,Oceanospirillaceae,Oceanospirillales,Gammaproteobacteria,Pseudomonadota,Pseudomonadati,Bacteria
PYF82475.1_491949,0.7237,3.99,,PYF82475.1,Marinomonas alcarazii,Marinomonas alcarazii,Marinomonas,Oceanospirillaceae,Oceanospirillales,Gammaproteobacteria,Pseudomonadota,Pseudomonadati,Bacteria
PYG26581.1_696760,0.9689,1.12,,PYG26581.1,Pelagimonas varians,Pelagimonas varians,Pelagimonas,Roseobacteraceae,Rhodobacterales,Alphaproteobacteria,Pseudomonadota,Pseudomonadati,Bacteria
PYZ94401.1_2045207,0.8625,2.42,,PYZ94401.1,Salipaludibacillus keqinensis,Salipaludibacillus keqinensis,Salipaludibacillus,Bacillaceae,Bacillales,Bacilli,Bacillota,Bacillati,Bacteria
PYZ98533.1_2045244,0.8654,2.45,,PYZ98533.1,Alteribacter lacisalsi,Alteribacter lacisalsi,Alteribacter,Bacillaceae,Bacillales,Bacilli,Bacillota,Bacillati,Bacteria
PZF98066.1_515350,0.7695,3.37,,PZF98066.1,Micromonospora endophytica,Micromonospora endophytica,Micromonospora,Micromonosporaceae,Micromonosporales,Actinomycetes,Actinomycetota,Bacillati,Bacteria
PZG07079.1_1655439,0.7693,3.45,,PZG07079.1,Micromonospora craterilacus,Micromonospora craterilacus,Micromonospora,Micromonosporaceae,Micromonosporales,Actinomycetes,Actinomycetota,Bacillati,Bacteria
PZH18670.1_1735453,0.7281,3.34,,PZH18670.1,Streptomyces sp. NTH33,unclassified Streptomyces,Streptomyces,Streptomycetaceae,Kitasatosporales,Actinomycetes,Actinomycetota,Bacillati,Bacteria
PZX15798.1_568105,0.9431,1.53,,PZX15798.1,Palleronia aestuarii,Palleronia aestuarii,Palleronia,Roseobacteraceae,Rhodobacterales,Alphaproteobacteria,Pseudomonadota,Pseudomonadati,Bacteria
PZX31387.1_696762,0.9943,0.46,,PZX31387.1,Planktotalea frisia,Planktotalea frisia,Planktotalea,Paracoccaceae,Rhodobacterales,Alphaproteobacteria,Pseudomonadota,Pseudomonadati,Bacteria
QAS52047.1_45668,0.8434,2.67,,QAS52047.1,Halobacillus litoralis,Halobacillus litoralis,Halobacillus,Bacillaceae,Bacillales,Bacilli,Bacillota,Bacillati,Bacteria
QBF34115.1_2017482,0.9675,1.14,,QBF34115.1,Thalassococcus sp. S3,unclassified Thalassococcus,Thalassococcus,Roseobacteraceae,Rhodobacterales,Alphaproteobacteria,Pseudomonadota,Pseudomonadati,Bacteria
QCN83913.1_45398,0.773,3.17,,QCN83913.1,Streptomyces griseoviridis,Streptomyces griseoviridis,Streptomyces,Streptomycetaceae,Kitasatosporales,Actinomycetes,Actinomycetota,Bacillati,Bacteria
QDI67657.1_67282,0.7177,3.95,,QDI67657.1,Streptomyces calvus,Streptomyces calvus,Streptomyces,Streptomycetaceae,Kitasatosporales,Actinomycetes,Actinomycetota,Bacillati,Bacteria
QHF98500.1_2175864,0.7223,3.75,,QHF98500.1,Streptomyces sp. NHF165,unclassified Streptomyces,Streptomyces,Streptomycetaceae,Kitasatosporales,Actinomycetes,Actinomycetota,Bacillati,Bacteria
QSR23662.1_2016196,0.8884,2.37,,QSR23662.1,Hyphomonas sp. KY3,unclassified Hyphomonas,Hyphomonas,Hyphomonadaceae,Hyphomonadales,Alphaproteobacteria,Pseudomonadota,Pseudomonadati,Bacteria
RAI03600.1_2184697,0.9341,1.7,,RAI03600.1,Acuticoccus sediminis,Acuticoccus sediminis,Acuticoccus,Amorphaceae,Hyphomicrobiales,Alphaproteobacteria,Pseudomonadota,Pseudomonadati,Bacteria
RAI03831.1_2184697,0.913,1.95,,RAI03831.1,Acuticoccus sediminis,Acuticoccus sediminis,Acuticoccus,Amorphaceae,Hyphomicrobiales,Alphaproteobacteria,Pseudomonadota,Pseudomonadati,Bacteria
RAI23207.1_34017,0.9197,1.94,,RAI23207.1,Rhodobium orientis,Rhodobium orientis,Rhodobium,Rhodobiaceae,Hyphomicrobiales,Alphaproteobacteria,Pseudomonadota,Pseudomonadati,Bacteria
RAJ75374.1_1305830,0.7436,3.29,,RAJ75374.1,Streptomyces sp. PsTaAH-137,unclassified Streptomyces,Streptomyces,Streptomycetaceae,Kitasatosporales,Actinomycetes,Actinomycetota,Bacillati,Bacteria
RAJ96978.1_531312,0.7703,3.56,,RAJ96978.1,Aliidiomarina maris,Aliidiomarina maris,Aliidiomarina,Idiomarinaceae,Alteromonadales,Gammaproteobacteria,Pseudomonadota,Pseudomonadati,Bacteria
RAK15411.1_568098,0.9417,1.57,,RAK15411.1,Salipiger aestuarii,Salipiger aestuarii,Salipiger,Roseobacteraceae,Rhodobacterales,Alphaproteobacteria,Pseudomonadota,Pseudomonadati,Bacteria
RAK43208.1_1287878,0.7791,3.23,,RAK43208.1,Actinoplanes lutulentus,Actinoplanes lutulentus,Actinoplanes,Micromonosporaceae,Micromonosporales,Actinomycetes,Actinomycetota,Bacillati,Bacteria
RAR72462.1_1101402,0.7968,2.89,,RAR72462.1,Flavobacterium aciduliphilum,Flavobacterium aciduliphilum,Flavobacterium,Flavobacteriaceae,Flavobacteriales,Flavobacteriia,Bacteroidota,Pseudomonadati,Bacteria
RAS35032.1_1895,0.7463,3.57,,RAS35032.1,Streptomyces avidinii,Streptomyces avidinii,Streptomyces,Streptomycetaceae,Kitasatosporales,Actinomycetes,Actinomycetota,Bacillati,Bacteria
RBO78434.1_491951,0.7386,3.8,,RBO78434.1,Marinomonas aquiplantarum,Marinomonas aquiplantarum,Marinomonas,Oceanospirillaceae,Oceanospirillales,Gammaproteobacteria,Pseudomonadota,Pseudomonadati,Bacteria
RBP49133.1_644221,0.8684,2.31,,RBP49133.1,Arenicella xantha,Arenicella xantha,Arenicella,Arenicellaceae,Arenicellales,Gammaproteobacteria,Pseudomonadota,Pseudomonadati,Bacteria
RBP70966.1_2743,0.7364,3.86,,RBP70966.1,Marinobacter nauticus,Marinobacter nauticus,Marinobacter,Marinobacteraceae,Pseudomonadales,Gammaproteobacteria,Pseudomonadota,Pseudomonadati,Bacteria
RBP79846.1_24,0.9314,1.79,,RBP79846.1,Shewanella putrefaciens,Shewanella putrefaciens,Shewanella,Shewanellaceae,Alteromonadales,Gammaproteobacteria,Pseudomonadota,Pseudomonadati,Bacteria
RBP85274.1_491948,0.9437,1.47,,RBP85274.1,Marinomonas rhizomae,Marinomonas rhizomae,Marinomonas,Oceanospirillaceae,Oceanospirillales,Gammaproteobacteria,Pseudomonadota,Pseudomonadati,Bacteria
RCW27170.1_1197950,0.8781,2.73,,RCW27170.1,Ciceribacter lividus,Ciceribacter lividus,Ciceribacter,Rhizobiaceae,Hyphomicrobiales,Alphaproteobacteria,Pseudomonadota,Pseudomonadati,Bacteria
RCW65848.1_930114,0.8223,3.22,,RCW65848.1,Saliterribacillus persicus,Saliterribacillus persicus,Saliterribacillus,Bacillaceae,Bacillales,Bacilli,Bacillota,Bacillati,Bacteria
RED11376.1_1639689,0.9087,2.04,,RED11376.1,Pontivivens insulae,Pontivivens insulae,Pontivivens,Paracoccaceae,Rhodobacterales,Alphaproteobacteria,Pseudomonadota,Pseudomonadati,Bacteria
RED52162.1_1461337,0.9131,2.01,,RED52162.1,Aestuariispira insulae,Aestuariispira insulae,Aestuariispira,Kiloniellaceae,Rhodospirillales,Alphaproteobacteria,Pseudomonadota,Pseudomonadati,Bacteria
REE00102.1_1122208,0.9093,2.11,,REE00102.1,Marinoscillum furvescens DSM 4134,Marinoscillum furvescens,Marinoscillum,Reichenbachiellaceae,Cytophagales,Cytophagia,Bacteroidota,Pseudomonadati,Bacteria
REE57904.1_1938846,0.732,3.64,,REE57904.1,Streptomyces sp. 3212.3,unclassified Streptomyces,Streptomyces,Streptomycetaceae,Kitasatosporales,Actinomycetes,Actinomycetota,Bacillati,Bacteria
REE96704.1_111806,0.9314,1.56,,REE96704.1,Thermomonospora umbrina,Thermomonospora umbrina,Thermomonospora,Thermomonosporaceae,Streptosporangiales,Actinomycetes,Actinomycetota,Bacillati,Bacteria
REF36452.1_696763,0.9358,1.45,,REF36452.1,Thermasporomyces composti,Thermasporomyces composti,Thermasporomyces,Nocardioidaceae,Propionibacteriales,Actinomycetes,Actinomycetota,Bacillati,Bacteria
REG02384.1_53367,0.7165,3.74,,REG02384.1,Asanoa ferruginea,Asanoa ferruginea,Asanoa,Micromonosporaceae,Micromonosporales,Actinomycetes,Actinomycetota,Bacillati,Bacteria
REG79349.1_491954,0.7196,4.05,,REG79349.1,Marinomonas pollencensis,Marinomonas pollencensis,Marinomonas,Oceanospirillaceae,Oceanospirillales,Gammaproteobacteria,Pseudomonadota,Pseudomonadati,Bacteria
RFA29830.1_351052,0.945,1.34,,RFA29830.1,Alkalilimnicola ehrlichii,Alkalilimnicola ehrlichii,Alkalilimnicola,Ectothiorhodospiraceae,Chromatiales,Gammaproteobacteria,Pseudomonadota,Pseudomonadati,Bacteria
RIA55248.1_933063,0.923,1.82,,RIA55248.1,Dichotomicrobium thermohalophilum,Dichotomicrobium thermohalophilum,Dichotomicrobium,Hyphomicrobiaceae,Hyphomicrobiales,Alphaproteobacteria,Pseudomonadota,Pseudomonadati,Bacteria
RKD75476.1_342944,0.8686,2.67,,RKD75476.1,Sinobaca qinghaiensis,Sinobaca qinghaiensis,Sinobaca,Sporolactobacillaceae,Bacillales,Bacilli,Bacillota,Bacillati,Bacteria
RKE00356.1_53366,0.677,4.17,,RKE00356.1,Catellatospora citrea,Catellatospora citrea,Catellatospora,Micromonosporaceae,Micromonosporales,Actinomycetes,Actinomycetota,Bacillati,Bacteria
RKE02154.1_1117708,0.7837,3.15,,RKE02154.1,Marinifilum flexuosum,Marinifilum flexuosum,Marinifilum,Marinifilaceae,Marinilabiliales,Bacteroidia,Bacteroidota,Pseudomonadati,Bacteria
RKE96910.1_74349,0.9919,0.55,,RKE96910.1,Sulfitobacter guttiformis,Sulfitobacter guttiformis,Sulfitobacter,Roseobacteraceae,Rhodobacterales,Alphaproteobacteria,Pseudomonadota,Pseudomonadati,Bacteria
RKL68809.1_885475,0.8337,2.59,,RKL68809.1,Salipaludibacillus neizhouensis,Salipaludibacillus neizhouensis,Salipaludibacillus,Bacillaceae,Bacillales,Bacilli,Bacillota,Bacillati,Bacteria
RKQ72573.1_526216,0.9154,2.01,,RKQ72573.1,Oceanibaculum indicum,Oceanibaculum indicum,Oceanibaculum,Oceanibaculaceae,Rhodospirillales,Alphaproteobacteria,Pseudomonadota,Pseudomonadati,Bacteria
RKQ95238.1_74318,0.9309,1.71,,RKQ95238.1,Maricaulis maris,Maricaulis maris,Maricaulis,Maricaulaceae,Maricaulales,Alphaproteobacteria,Pseudomonadota,Pseudomonadati,Bacteria
RKR85861.1_589240,0.7745,3.37,,RKR85861.1,Micromonospora pisi,Micromonospora pisi,Micromonospora,Micromonosporaceae,Micromonosporales,Actinomycetes,Actinomycetota,Bacillati,Bacteria
RKS08233.1_2183912,0.8789,2.42,,RKS08233.1,Nocardiopsis sp. Huas11,unclassified Nocardiopsis,Nocardiopsis,Nocardiopsidaceae,Streptosporangiales,Actinomycetes,Actinomycetota,Bacillati,Bacteria
RKS10781.1_2183912,0.8552,2.49,,RKS10781.1,Nocardiopsis sp. Huas11,unclassified Nocardiopsis,Nocardiopsis,Nocardiopsidaceae,Streptosporangiales,Actinomycetes,Actinomycetota,Bacillati,Bacteria
RKT32484.1_505353,0.9599,1.09,,RKT32484.1,Roseovarius halotolerans,Roseovarius halotolerans,Roseovarius,Roseobacteraceae,Rhodobacterales,Alphaproteobacteria,Pseudomonadota,Pseudomonadati,Bacteria
RKT67285.1_543527,0.8991,1.79,,RKT67285.1,Saccharothrix variisporea,Saccharothrix variisporea,Saccharothrix,Pseudonocardiaceae,Pseudonocardiales,Actinomycetes,Actinomycetota,Bacillati,Bacteria
RLJ78033.1_485602,0.9188,1.82,,RLJ78033.1,Actinophytocola xinjiangensis,Actinophytocola xinjiangensis,Actinophytocola,Pseudonocardiaceae,Pseudonocardiales,Actinomycetes,Actinomycetota,Bacillati,Bacteria
RLJ78270.1_485602,0.8602,2.42,,RLJ78270.1,Actinophytocola xinjiangensis,Actinophytocola xinjiangensis,Actinophytocola,Pseudonocardiaceae,Pseudonocardiales,Actinomycetes,Actinomycetota,Bacillati,Bacteria
RLJ86852.1_1373,0.8331,3.01,,RLJ86852.1,Planococcus citreus,Planococcus citreus,Planococcus,Caryophanaceae,Bacillales,Bacilli,Bacillota,Bacillati,Bacteria
RLJ98491.1_981384,0.8665,2.62,,RLJ98491.1,Ruegeria conchae,Ruegeria conchae,Ruegeria,Roseobacteraceae,Rhodobacterales,Alphaproteobacteria,Pseudomonadota,Pseudomonadati,Bacteria
RLK03683.1_981384,0.9965,0.36,,RLK03683.1,Ruegeria conchae,Ruegeria conchae,Ruegeria,Roseobacteraceae,Rhodobacterales,Alphaproteobacteria,Pseudomonadota,Pseudomonadati,Bacteria
RLK51435.1_85925,0.9442,1.37,,RLK51435.1,Alkalispirillum mobile,Alkalispirillum mobile,Alkalispirillum,Ectothiorhodospiraceae,Chromatiales,Gammaproteobacteria,Pseudomonadota,Pseudomonadati,Bacteria
RMA81213.1_569599,0.7099,4.28,,RMA81213.1,Umboniibacter marinipuniceus,Umboniibacter marinipuniceus,Umboniibacter,Cellvibrionaceae,Cellvibrionales,Gammaproteobacteria,Pseudomonadota,Pseudomonadati,Bacteria
RMB80435.1_943815,0.7267,3.96,,RMB80435.1,Streptomyces shenzhenensis,Streptomyces shenzhenensis,Streptomyces,Streptomycetaceae,Kitasatosporales,Actinomycetes,Actinomycetota,Bacillati,Bacteria
ROO89027.1_58109,0.883,2.19,,ROO89027.1,Actinocorallia herbida,Actinocorallia herbida,Actinocorallia,Thermomonosporaceae,Streptosporangiales,Actinomycetes,Actinomycetota,Bacillati,Bacteria
ROO89031.1_58109,0.8985,1.68,,ROO89031.1,Actinocorallia herbida,Actinocorallia herbida,Actinocorallia,Thermomonosporaceae,Streptosporangiales,Actinomycetes,Actinomycetota,Bacillati,Bacteria
ROP42346.1_103734,0.9118,1.91,,ROP42346.1,Saccharothrix texasensis,Saccharothrix texasensis,Saccharothrix,Pseudonocardiaceae,Pseudonocardiales,Actinomycetes,Actinomycetota,Bacillati,Bacteria
ROQ20135.1_306545,0.7181,4.07,,ROQ20135.1,Marinimicrobium koreense,Marinimicrobium koreense,Marinimicrobium,Cellvibrionaceae,Cellvibrionales,Gammaproteobacteria,Pseudomonadota,Pseudomonadati,Bacteria
ROQ94088.1_2485161,0.6787,4.32,,ROQ94088.1,Streptomyces sp. 2132.2,unclassified Streptomyces,Streptomyces,Streptomycetaceae,Kitasatosporales,Actinomycetes,Actinomycetota,Bacillati,Bacteria
ROR72068.1_56055,0.9204,1.89,,ROR72068.1,Bogoriella caseilytica,Bogoriella caseilytica,Bogoriella,Bogoriellaceae,Micrococcales,Actinomycetes,Actinomycetota,Bacillati,Bacteria
ROS05355.1_933926,0.7066,4.13,,ROS05355.1,Sinobacterium caligoides,Sinobacterium caligoides,Sinobacterium,Spongiibacteraceae,Cellvibrionales,Gammaproteobacteria,Pseudomonadota,Pseudomonadati,Bacteria
RPE41988.1_1938851,0.7371,3.51,,RPE41988.1,Streptomyces sp. Ag109_O5-1,unclassified Streptomyces,Streptomyces,Streptomycetaceae,Kitasatosporales,Actinomycetes,Actinomycetota,Bacillati,Bacteria
RPE63277.1_762213,0.9359,1.32,,RPE63277.1,Pacificibacter maritimus,Pacificibacter maritimus,Pacificibacter,Roseobacteraceae,Rhodobacterales,Alphaproteobacteria,Pseudomonadota,Pseudomonadati,Bacteria
RPF23354.1_253184,0.8846,2.16,,RPF23354.1,Myceligenerans xiligouense,Myceligenerans xiligouense,Myceligenerans,Promicromonosporaceae,Micrococcales,Actinomycetes,Actinomycetota,Bacillati,Bacteria
RPF53980.1_485577,0.9074,2.03,,RPF53980.1,Aquisalibacillus elongatus,Aquisalibacillus elongatus,Aquisalibacillus,Bacillaceae,Bacillales,Bacilli,Bacillota,Bacillati,Bacteria
RSN63863.1_2203206,0.7015,3.95,,RSN63863.1,Streptomyces sp. WAC 04229,unclassified Streptomyces,Streptomyces,Streptomycetaceae,Kitasatosporales,Actinomycetes,Actinomycetota,Bacillati,Bacteria
RVX40238.1_46176,0.8873,2.2,,RVX40238.1,Nonomuraea polychroma,Nonomuraea polychroma,Nonomuraea,Streptosporangiaceae,Streptosporangiales,Actinomycetes,Actinomycetota,Bacillati,Bacteria
RXV66995.1_2109331,0.984,0.77,,RXV66995.1,Roseovarius sp. A46,unclassified Roseovarius,Roseovarius,Roseobacteraceae,Rhodobacterales,Alphaproteobacteria,Pseudomonadota,Pseudomonadati,Bacteria
RZS39106.1_1872711,0.7934,2.95,,RZS39106.1,Herbihabitans rhizosphaerae,Herbihabitans rhizosphaerae,Herbihabitans,Pseudonocardiaceae,Pseudonocardiales,Actinomycetes,Actinomycetota,Bacillati,Bacteria
RZS41120.1_1872711,0.9301,1.64,,RZS41120.1,Herbihabitans rhizosphaerae,Herbihabitans rhizosphaerae,Herbihabitans,Pseudonocardiaceae,Pseudonocardiales,Actinomycetes,Actinomycetota,Bacillati,Bacteria
RZS50134.1_1333996,0.9008,2.25,,RZS50134.1,Variibacter gotjawalensis,Variibacter gotjawalensis,Variibacter,Nitrobacteraceae,Hyphomicrobiales,Alphaproteobacteria,Pseudomonadota,Pseudomonadati,Bacteria
RZS50135.1_1333996,0.895,2.38,,RZS50135.1,Variibacter gotjawalensis,Variibacter gotjawalensis,Variibacter,Nitrobacteraceae,Hyphomicrobiales,Alphaproteobacteria,Pseudomonadota,Pseudomonadati,Bacteria
RZT82980.1_1278207,0.7757,3.35,,RZT82980.1,Micromonospora violae,Micromonospora violae,Micromonospora,Micromonosporaceae,Micromonosporales,Actinomycetes,Actinomycetota,Bacillati,Bacteria
SBO95090.1_93944,0.8952,2.21,,SBO95090.1,Nonomuraea gerenzanensis,Nonomuraea gerenzanensis,Nonomuraea,Streptosporangiaceae,Streptosporangiales,Actinomycetes,Actinomycetota,Bacillati,Bacteria
SBT46245.1_299146,0.7225,3.87,,SBT46245.1,Micromonospora narathiwatensis,Micromonospora narathiwatensis,Micromonospora,Micromonosporaceae,Micromonosporales,Actinomycetes,Actinomycetota,Bacillati,Bacteria
SBT69040.1_946078,0.7367,3.37,,SBT69040.1,Micromonospora sediminicola,Micromonospora sediminicola,Micromonospora,Micromonosporaceae,Micromonosporales,Actinomycetes,Actinomycetota,Bacillati,Bacteria
SBT88960.1_1839783,0.7208,3.71,,SBT88960.1,Streptomyces sp. DI166,unclassified Streptomyces,Streptomyces,Streptomycetaceae,Kitasatosporales,Actinomycetes,Actinomycetota,Bacillati,Bacteria
SBV26189.1_307121,0.7232,3.51,,SBV26189.1,Micromonospora krabiensis,Micromonospora krabiensis,Micromonospora,Micromonosporaceae,Micromonosporales,Actinomycetes,Actinomycetota,Bacillati,Bacteria
SBV27043.1_307121,0.8106,3.22,,SBV27043.1,Micromonospora krabiensis,Micromonospora krabiensis,Micromonospora,Micromonosporaceae,Micromonosporales,Actinomycetes,Actinomycetota,Bacillati,Bacteria
SCD35887.1_1839778,0.7169,3.81,,SCD35887.1,Streptomyces sp. BpilaLS-43,unclassified Streptomyces,Streptomyces,Streptomycetaceae,Kitasatosporales,Actinomycetes,Actinomycetota,Bacillati,Bacteria
SCD65447.1_693491,0.7294,3.66,,SCD65447.1,Streptomyces sp. di188,unclassified Streptomyces,Streptomyces,Streptomycetaceae,Kitasatosporales,Actinomycetes,Actinomycetota,Bacillati,Bacteria
SCD66000.1_1839762,0.759,3.53,,SCD66000.1,Streptomyces sp. DvalAA-43,unclassified Streptomyces,Streptomyces,Streptomycetaceae,Kitasatosporales,Actinomycetes,Actinomycetota,Bacillati,Bacteria
SCE63633.1_307119,0.7484,3.48,,SCE63633.1,Micromonospora chaiyaphumensis,Micromonospora chaiyaphumensis,Micromonospora,Micromonosporaceae,Micromonosporales,Actinomycetes,Actinomycetota,Bacillati,Bacteria
SCE85635.1_1877,0.7254,3.71,,SCE85635.1,Micromonospora echinospora,Micromonospora echinospora,Micromonospora,Micromonosporaceae,Micromonosporales,Actinomycetes,Actinomycetota,Bacillati,Bacteria
SCE93660.1_262898,0.7425,3.48,,SCE93660.1,Micromonospora mirobrigensis,Micromonospora mirobrigensis,Micromonospora,Micromonosporaceae,Micromonosporales,Actinomycetes,Actinomycetota,Bacillati,Bacteria
SCF06527.1_1881,0.7378,3.4,,SCF06527.1,Micromonospora viridifaciens,Micromonospora viridifaciens,Micromonospora,Micromonosporaceae,Micromonosporales,Actinomycetes,Actinomycetota,Bacillati,Bacteria
SCF13253.1_686309,0.7284,3.72,,SCF13253.1,Micromonospora haikouensis,Micromonospora haikouensis,Micromonospora,Micromonosporaceae,Micromonosporales,Actinomycetes,Actinomycetota,Bacillati,Bacteria
SCF15434.1_1881,0.7316,3.45,,SCF15434.1,Micromonospora viridifaciens,Micromonospora viridifaciens,Micromonospora,Micromonosporaceae,Micromonosporales,Actinomycetes,Actinomycetota,Bacillati,Bacteria
SCF16153.1_285665,0.748,3.47,,SCF16153.1,Micromonospora coriariae,Micromonospora coriariae,Micromonospora,Micromonosporaceae,Micromonosporales,Actinomycetes,Actinomycetota,Bacillati,Bacteria
SCF59181.1_1839774,0.7505,3.39,,SCF59181.1,Streptomyces sp. Ncost-T10-10d,unclassified Streptomyces,Streptomyces,Streptomycetaceae,Kitasatosporales,Actinomycetes,Actinomycetota,Bacillati,Bacteria
SCF80811.1_1839780,0.7239,3.9,,SCF80811.1,Streptomyces sp. MnatMP-M17,unclassified Streptomyces,Streptomyces,Streptomycetaceae,Kitasatosporales,Actinomycetes,Actinomycetota,Bacillati,Bacteria
SCG39234.1_291594,0.7067,3.86,,SCG39234.1,Micromonospora rifamycinica,Micromonospora rifamycinica,Micromonospora,Micromonosporaceae,Micromonosporales,Actinomycetes,Actinomycetota,Bacillati,Bacteria
SCG49063.1_47857,0.7336,3.67,,SCG49063.1,Micromonospora echinaurantiaca,Micromonospora echinaurantiaca,Micromonospora,Micromonosporaceae,Micromonosporales,Actinomycetes,Actinomycetota,Bacillati,Bacteria
SCL37783.1_47850,0.7214,3.54,,SCL37783.1,Micromonospora aurantiaca,Micromonospora aurantiaca,Micromonospora,Micromonosporaceae,Micromonosporales,Actinomycetes,Actinomycetota,Bacillati,Bacteria
SCL49047.1_47855,0.7309,3.58,,SCL49047.1,Micromonospora citrea,Micromonospora citrea,Micromonospora,Micromonosporaceae,Micromonosporales,Actinomycetes,Actinomycetota,Bacillati,Bacteria
SCL52851.1_227316,0.7786,3.47,,SCL52851.1,Micromonospora eburnea,Micromonospora eburnea,Micromonospora,Micromonosporaceae,Micromonosporales,Actinomycetes,Actinomycetota,Bacillati,Bacteria
SCX09932.1_1855377,0.7524,2.79,,SCX09932.1,Candidatus Aquiluna sp. UB-MaderosW2red,unclassified Aquiluna,Aquiluna,Microbacteriaceae,Micrococcales,Actinomycetes,Actinomycetota,Bacillati,Bacteria
SCY37580.1_336292,0.9671,1.15,,SCY37580.1,Paracoccus tibetensis,Paracoccus tibetensis,Paracoccus,Paracoccaceae,Rhodobacterales,Alphaproteobacteria,Pseudomonadota,Pseudomonadati,Bacteria
SCY46432.1_381306,0.9036,2.27,,SCY46432.1,Thiohalorhabdus denitrificans,Thiohalorhabdus denitrificans,Thiohalorhabdus,Thiohalorhabdaceae,Thiohalorhabdales,Gammaproteobacteria,Pseudomonadota,Pseudomonadati,Bacteria
SCZ61236.1_415747,0.8999,2.4,,SCZ61236.1,Thiohalomonas denitrificans,Thiohalomonas denitrificans,Thiohalomonas,Thiohalomonadaceae,Thiohalomonadales,Gammaproteobacteria,Pseudomonadota,Pseudomonadati,Bacteria
SCZ72287.1_1156985,0.9443,1.47,,SCZ72287.1,Epibacterium ulvae,Epibacterium ulvae,Epibacterium,Roseobacteraceae,Rhodobacterales,Alphaproteobacteria,Pseudomonadota,Pseudomonadati,Bacteria
SDB47424.1_665467,0.902,2.23,,SDB47424.1,Bauldia litoralis,Bauldia litoralis,Bauldia,Kaistiaceae,Hyphomicrobiales,Alphaproteobacteria,Pseudomonadota,Pseudomonadati,Bacteria
SDB51523.1_617002,0.9494,1.45,,SDB51523.1,Desulfonatronum thiosulfatophilum,Desulfonatronum thiosulfatophilum,Desulfonatronum,Desulfonatronaceae,Desulfovibrionales,Desulfovibrionia,Thermodesulfobacteriota,Pseudomonadati,Bacteria
SDC09976.1_67344,0.737,3.67,,SDC09976.1,Streptomyces prasinopilosus,Streptomyces prasinopilosus,Streptomyces,Streptomycetaceae,Kitasatosporales,Actinomycetes,Actinomycetota,Bacillati,Bacteria
SDC11313.1_1464122,0.8814,2.52,,SDC11313.1,Shouchella lonarensis,Shouchella lonarensis,Shouchella,Bacillaceae,Bacillales,Bacilli,Bacillota,Bacillati,Bacteria
SDC50639.1_1045774,0.8394,2.75,,SDC50639.1,Nocardioides lianchengensis,Nocardioides lianchengensis,Nocardioides,Nocardioidaceae,Propionibacteriales,Actinomycetes,Actinomycetota,Bacillati,Bacteria
SDC88459.1_530584,0.9257,1.72,,SDC88459.1,Prauserella marina,Prauserella marina,Prauserella,Pseudonocardiaceae,Pseudonocardiales,Actinomycetes,Actinomycetota,Bacillati,Bacteria
SDD20832.1_265719,0.9041,2.2,,SDD20832.1,Aquimonas voraii,Aquimonas voraii,Aquimonas,Rhodanobacteraceae,Lysobacterales,Gammaproteobacteria,Pseudomonadota,Pseudomonadati,Bacteria
SDD65722.1_639004,0.9476,1.41,,SDD65722.1,Ruegeria marina,Ruegeria marina,Ruegeria,Roseobacteraceae,Rhodobacterales,Alphaproteobacteria,Pseudomonadota,Pseudomonadati,Bacteria
SDD89996.1_1115567,0.7227,3.8,,SDD89996.1,Streptomyces sp. AmelKG-A3,unclassified Streptomyces,Streptomyces,Streptomycetaceae,Kitasatosporales,Actinomycetes,Actinomycetota,Bacillati,Bacteria
SDE06026.1_69960,0.9061,2.17,,SDE06026.1,Rhodospira trueperi,Rhodospira trueperi,Rhodospira,Rhodospirillaceae,Rhodospirillales,Alphaproteobacteria,Pseudomonadota,Pseudomonadati,Bacteria
SDE08801.1_521013,0.8787,0.99,,SDE08801.1,Limimaricola pyoseonensis,Limimaricola pyoseonensis,Limimaricola,Paracoccaceae,Rhodobacterales,Alphaproteobacteria,Pseudomonadota,Pseudomonadati,Bacteria
SDE51084.1_58114,0.729,4.03,,SDE51084.1,Glycomyces harbinensis,Glycomyces harbinensis,Glycomyces,Glycomycetaceae,Glycomycetales,Actinomycetes,Actinomycetota,Bacillati,Bacteria
SDE61278.1_282683,0.9435,1.55,,SDE61278.1,Salipiger thiooxidans,Salipiger thiooxidans,Salipiger,Roseobacteraceae,Rhodobacterales,Alphaproteobacteria,Pseudomonadota,Pseudomonadati,Bacteria
SDE72276.1_101564,0.9362,1.49,,SDE72276.1,Ectopseudomonas alcaliphila,Ectopseudomonas alcaliphila,Ectopseudomonas,Pseudomonadaceae,Pseudomonadales,Gammaproteobacteria,Pseudomonadota,Pseudomonadati,Bacteria
SDF29088.1_86103,0.7194,4.19,,SDF29088.1,Idiomarina zobellii,Idiomarina zobellii,Idiomarina,Idiomarinaceae,Alteromonadales,Gammaproteobacteria,Pseudomonadota,Pseudomonadati,Bacteria
SDF70141.1_284577,0.7344,3.75,,SDF70141.1,Onishia taeanensis,Onishia taeanensis,Onishia,Halomonadaceae,Oceanospirillales,Gammaproteobacteria,Pseudomonadota,Pseudomonadati,Bacteria
SDF79689.1_218672,0.924,1.87,,SDF79689.1,Sulfitobacter delicatus,Sulfitobacter delicatus,Sulfitobacter,Roseobacteraceae,Rhodobacterales,Alphaproteobacteria,Pseudomonadota,Pseudomonadati,Bacteria
SDG07793.1_1123362,0.9539,1.42,,SDG07793.1,Thalassobaculum litoreum DSM 18839,Thalassobaculum litoreum,Thalassobaculum,Thalassobaculaceae,Rhodospirillales,Alphaproteobacteria,Pseudomonadota,Pseudomonadati,Bacteria
SDG37248.1_440168,0.929,1.77,,SDG37248.1,Pelagibacterium luteolum,Pelagibacterium luteolum,Pelagibacterium,Devosiaceae,Hyphomicrobiales,Alphaproteobacteria,Pseudomonadota,Pseudomonadati,Bacteria
SDG40192.1_504805,0.9433,1.57,,SDG40192.1,Sinosporangium album,Sinosporangium album,Sinosporangium,Streptosporangiaceae,Streptosporangiales,Actinomycetes,Actinomycetota,Bacillati,Bacteria
SDG46059.1_640205,0.9386,1.4,,SDG46059.1,Phytopseudomonas seleniipraecipitans,Phytopseudomonas seleniipraecipitans,Phytopseudomonas,Pseudomonadaceae,Pseudomonadales,Gammaproteobacteria,Pseudomonadota,Pseudomonadati,Bacteria
SDG54722.1_200378,0.8709,2.43,,SDG54722.1,Lentzea fradiae,Lentzea fradiae,Lentzea,Pseudonocardiaceae,Pseudonocardiales,Actinomycetes,Actinomycetota,Bacillati,Bacteria
SDG56592.1_200378,0.8991,1.97,,SDG56592.1,Lentzea fradiae,Lentzea fradiae,Lentzea,Pseudonocardiaceae,Pseudonocardiales,Actinomycetes,Actinomycetota,Bacillati,Bacteria
SDG86219.1_83401,0.9203,1.97,,SDG86219.1,Roseospirillum parvum,Roseospirillum parvum,Roseospirillum,Rhodospirillaceae,Rhodospirillales,Alphaproteobacteria,Pseudomonadota,Pseudomonadati,Bacteria
SDG94268.1_568899,0.9206,1.93,,SDG94268.1,Alteribacillus persepolensis,Alteribacillus persepolensis,Alteribacillus,Bacillaceae,Bacillales,Bacilli,Bacillota,Bacillati,Bacteria
SDH13582.1_399736,0.8603,2.73,,SDH13582.1,Agrococcus jejuensis,Agrococcus jejuensis,Agrococcus,Microbacteriaceae,Micrococcales,Actinomycetes,Actinomycetota,Bacillati,Bacteria
SDH90284.1_930129,0.9149,2.06,,SDH90284.1,Alteribacillus bidgolensis,Alteribacillus bidgolensis,Alteribacillus,Bacillaceae,Bacillales,Bacilli,Bacillota,Bacillati,Bacteria
SDI10983.1_555512,0.978,0.49,,SDI10983.1,Salipiger marinus,Salipiger marinus,Salipiger,Roseobacteraceae,Rhodobacterales,Alphaproteobacteria,Pseudomonadota,Pseudomonadati,Bacteria
SDI60767.1_29435,0.9299,1.49,,SDI60767.1,Phytopseudomonas flavescens,Phytopseudomonas flavescens,Phytopseudomonas,Pseudomonadaceae,Pseudomonadales,Gammaproteobacteria,Pseudomonadota,Pseudomonadati,Bacteria
SDI65941.1_549003,0.9097,2.08,,SDI65941.1,Natribacillus halophilus,Natribacillus halophilus,Natribacillus,Bacillaceae,Bacillales,Bacilli,Bacillota,Bacillati,Bacteria
SDI66345.1_1004279,0.9298,1.71,,SDI66345.1,Mesorhizobium muleiense,Mesorhizobium muleiense,Mesorhizobium,Phyllobacteriaceae,Hyphomicrobiales,Alphaproteobacteria,Pseudomonadota,Pseudomonadati,Bacteria
SDI78607.1_490829,0.9448,1.5,,SDI78607.1,Lutimaribacter saemankumensis,Lutimaribacter saemankumensis,Lutimaribacter,Roseobacteraceae,Rhodobacterales,Alphaproteobacteria,Pseudomonadota,Pseudomonadati,Bacteria
SDI78963.1_571298,0.982,0.82,,SDI78963.1,Aliiruegeria lutimaris,Aliiruegeria lutimaris,Aliiruegeria,Roseobacteraceae,Rhodobacterales,Alphaproteobacteria,Pseudomonadota,Pseudomonadati,Bacteria
SDJ38984.1_504798,0.9313,1.6,,SDJ38984.1,Actinokineospora alba,Actinokineospora alba,Actinokineospora,Pseudonocardiaceae,Pseudonocardiales,Actinomycetes,Actinomycetota,Bacillati,Bacteria
SDJ54314.1_128104,0.8959,1.99,,SDJ54314.1,Lentzea albidocapillata subsp. violacea,Lentzea albidocapillata,Lentzea,Pseudonocardiaceae,Pseudonocardiales,Actinomycetes,Actinomycetota,Bacillati,Bacteria
SDJ76067.1_633440,0.9292,1.68,,SDJ76067.1,Nonomuraea jiangxiensis,Nonomuraea jiangxiensis,Nonomuraea,Streptosporangiaceae,Streptosporangiales,Actinomycetes,Actinomycetota,Bacillati,Bacteria
SDJ78621.1_683260,0.8883,2.17,,SDJ78621.1,Nonomuraea maritima,Nonomuraea maritima,Nonomuraea,Streptosporangiaceae,Streptosporangiales,Actinomycetes,Actinomycetota,Bacillati,Bacteria
SDK27527.1_417292,0.6943,3.94,,SDK27527.1,Streptomyces indicus,Streptomyces indicus,Streptomyces,Streptomycetaceae,Kitasatosporales,Actinomycetes,Actinomycetota,Bacillati,Bacteria
SDK28984.1_407036,0.897,2.06,,SDK28984.1,Sediminibacillus albus,Sediminibacillus albus,Sediminibacillus,Bacillaceae,Bacillales,Bacilli,Bacillota,Bacillati,Bacteria
SDK29604.1_376427,0.7344,3.88,,SDK29604.1,Billgrantia gudaonensis,Billgrantia gudaonensis,Billgrantia,Halomonadaceae,Oceanospirillales,Gammaproteobacteria,Pseudomonadota,Pseudomonadati,Bacteria
SDK50424.1_658219,0.8783,2.31,,SDK50424.1,Microbulbifer yueqingensis,Microbulbifer yueqingensis,Microbulbifer,Microbulbiferaceae,Cellvibrionales,Gammaproteobacteria,Pseudomonadota,Pseudomonadati,Bacteria
SDK71178.1_380244,0.687,4.03,,SDK71178.1,Glycomyces sambucus,Glycomyces sambucus,Glycomyces,Glycomycetaceae,Glycomycetales,Actinomycetes,Actinomycetota,Bacillati,Bacteria
SDL05678.1_48727,0.7478,3.81,,SDL05678.1,Franzmannia pantelleriensis,Franzmannia pantelleriensis,Franzmannia,Halomonadaceae,Oceanospirillales,Gammaproteobacteria,Pseudomonadota,Pseudomonadati,Bacteria
SDL96243.1_392333,0.8949,2.43,,SDL96243.1,Geoalkalibacter ferrihydriticus,Geoalkalibacter ferrihydriticus,Geoalkalibacter,Geoalkalibacteraceae,Desulfuromonadales,Desulfuromonadia,Thermodesulfobacteriota,Pseudomonadati,Bacteria
SDM05608.1_144026,0.8424,2.01,,SDM05608.1,Maricaulis salignorans,Maricaulis salignorans,Maricaulis,Maricaulaceae,Maricaulales,Alphaproteobacteria,Pseudomonadota,Pseudomonadati,Bacteria
SDM25874.1_683260,0.933,1.87,,SDM25874.1,Nonomuraea maritima,Nonomuraea maritima,Nonomuraea,Streptosporangiaceae,Streptosporangiales,Actinomycetes,Actinomycetota,Bacillati,Bacteria
SDM67658.1_482461,0.874,2.15,,SDM67658.1,Sediminibacillus halophilus,Sediminibacillus halophilus,Sediminibacillus,Bacillaceae,Bacillales,Bacilli,Bacillota,Bacillati,Bacteria
SDM86976.1_237069,0.9012,2,,SDM86976.1,Tenuibacillus multivorans,Tenuibacillus multivorans,Tenuibacillus,Bacillaceae,Bacillales,Bacilli,Bacillota,Bacillati,Bacteria
SDN36910.1_211114,0.8785,2.26,,SDN36910.1,Allokutzneria albata,Allokutzneria albata,Allokutzneria,Pseudonocardiaceae,Pseudonocardiales,Actinomycetes,Actinomycetota,Bacillati,Bacteria
SDN39488.1_745820,0.9056,2.08,,SDN39488.1,Alkalicoccus daliensis,Alkalicoccus daliensis,Alkalicoccus,Bacillaceae,Bacillales,Bacilli,Bacillota,Bacillati,Bacteria
SDN82180.1_391948,0.9521,1.32,,SDN82180.1,Lutimaribacter pacificus,Lutimaribacter pacificus,Lutimaribacter,Roseobacteraceae,Rhodobacterales,Alphaproteobacteria,Pseudomonadota,Pseudomonadati,Bacteria
SDN97797.1_745820,0.8318,2.65,,SDN97797.1,Alkalicoccus daliensis,Alkalicoccus daliensis,Alkalicoccus,Bacillaceae,Bacillales,Bacilli,Bacillota,Bacillati,Bacteria
SDO20663.1_419597,0.7552,3.68,,SDO20663.1,Halomonas shengliensis,Halomonas shengliensis,Halomonas,Halomonadaceae,Oceanospirillales,Gammaproteobacteria,Pseudomonadota,Pseudomonadati,Bacteria
SDO44071.1_641025,0.932,1.55,,SDO44071.1,Lentzea jiangxiensis,Lentzea jiangxiensis,Lentzea,Pseudonocardiaceae,Pseudonocardiales,Actinomycetes,Actinomycetota,Bacillati,Bacteria
SDP41721.1_641025,0.859,1.31,,SDP41721.1,Lentzea jiangxiensis,Lentzea jiangxiensis,Lentzea,Pseudonocardiaceae,Pseudonocardiales,Actinomycetes,Actinomycetota,Bacillati,Bacteria
SDP93318.1_930152,0.8405,2.86,,SDP93318.1,Litchfieldia salsa,Litchfieldia salsa,Litchfieldia,Bacillaceae,Bacillales,Bacilli,Bacillota,Bacillati,Bacteria
SDQ83461.1_1798213,0.9353,1.67,,SDQ83461.1,Pseudovibrio sp. Tun.PSC04-5.I4,unclassified Pseudovibrio,Pseudovibrio,Stappiaceae,Hyphomicrobiales,Alphaproteobacteria,Pseudomonadota,Pseudomonadati,Bacteria
SDR14850.1_35622,0.9169,1.87,,SDR14850.1,Thermostaphylospora chromogena,Thermostaphylospora chromogena,Thermostaphylospora,Thermomonosporaceae,Streptosporangiales,Actinomycetes,Actinomycetota,Bacillati,Bacteria
SDR21092.1_35622,0.9086,2.11,,SDR21092.1,Thermostaphylospora chromogena,Thermostaphylospora chromogena,Thermostaphylospora,Thermomonosporaceae,Streptosporangiales,Actinomycetes,Actinomycetota,Bacillati,Bacteria
SDR71465.1_472181,0.8776,1.97,,SDR71465.1,Halopseudomonas sabulinigri,Halopseudomonas sabulinigri,Halopseudomonas,Pseudomonadaceae,Pseudomonadales,Gammaproteobacteria,Pseudomonadota,Pseudomonadati,Bacteria
SDT59519.1_113562,0.7553,3.33,,SDT59519.1,Actinoplanes derwentensis,Actinoplanes derwentensis,Actinoplanes,Micromonosporaceae,Micromonosporales,Actinomycetes,Actinomycetota,Bacillati,Bacteria
SDT93595.1_1881061,0.9124,2.11,,SDT93595.1,Stappia sp. ES.058,unclassified Stappia,Stappia,Stappiaceae,Hyphomicrobiales,Alphaproteobacteria,Pseudomonadota,Pseudomonadati,Bacteria
SDU11343.1_1434072,0.8905,2.33,,SDU11343.1,Halopseudomonas salegens,Halopseudomonas salegens,Halopseudomonas,Pseudomonadaceae,Pseudomonadales,Gammaproteobacteria,Pseudomonadota,Pseudomonadati,Bacteria
SDU66118.1_129921,0.8532,1.21,,SDU66118.1,Amycolatopsis keratiniphila,Amycolatopsis keratiniphila,Amycolatopsis,Pseudonocardiaceae,Pseudonocardiales,Actinomycetes,Actinomycetota,Bacillati,Bacteria
SDW02300.1_1122204,0.8601,2.53,,SDW02300.1,Marinococcus luteus,Marinococcus luteus,Marinococcus,Bacillaceae,Bacillales,Bacilli,Bacillota,Bacillati,Bacteria
SDW12975.1_488533,0.7474,3.69,,SDW12975.1,Marinobacter mobilis,Marinobacter mobilis,Marinobacter,Marinobacteraceae,Pseudomonadales,Gammaproteobacteria,Pseudomonadota,Pseudomonadati,Bacteria
SDW16544.1_574349,0.7225,4.06,,SDW16544.1,Aidingimonas halophila,Aidingimonas halophila,Aidingimonas,Halomonadaceae,Oceanospirillales,Gammaproteobacteria,Pseudomonadota,Pseudomonadati,Bacteria
SDW73953.1_670155,0.9553,1.1,,SDW73953.1,Litoreibacter albidus,Litoreibacter albidus,Litoreibacter,Roseobacteraceae,Rhodobacterales,Alphaproteobacteria,Pseudomonadota,Pseudomonadati,Bacteria
SDW86964.1_564137,0.9761,0.95,,SDW86964.1,Roseicitreum antarcticum,Roseicitreum antarcticum,Roseicitreum,Paracoccaceae,Rhodobacterales,Alphaproteobacteria,Pseudomonadota,Pseudomonadati,Bacteria
SDX07116.1_589385,0.9202,1.82,,SDX07116.1,Amycolatopsis xylanica,Amycolatopsis xylanica,Amycolatopsis,Pseudonocardiaceae,Pseudonocardiales,Actinomycetes,Actinomycetota,Bacillati,Bacteria
SDX53929.1_356660,0.9373,1.43,,SDX53929.1,Albimonas donghaensis,Albimonas donghaensis,Albimonas,Paracoccaceae,Rhodobacterales,Alphaproteobacteria,Pseudomonadota,Pseudomonadati,Bacteria
SDX88240.1_321339,0.9398,1.54,,SDX88240.1,Citreimonas salinaria,Citreimonas salinaria,Citreimonas,Roseobacteraceae,Rhodobacterales,Alphaproteobacteria,Pseudomonadota,Pseudomonadati,Bacteria
SDY25531.1_1520816,0.8722,2.55,,SDY25531.1,Ruminococcaceae bacterium YAD3003,Ruminococcaceae bacterium YAD3003,unclassified Oscillospiraceae,Oscillospiraceae,Eubacteriales,Clostridia,Bacillota,Bacillati,Bacteria
SDY30142.1_1244108,0.9576,1.02,,SDY30142.1,Jannaschia faecimaris,Jannaschia faecimaris,Jannaschia,Roseobacteraceae,Rhodobacterales,Alphaproteobacteria,Pseudomonadota,Pseudomonadati,Bacteria
SDY58078.1_418495,0.9335,1.55,,SDY58078.1,Saccharopolyspora shandongensis,Saccharopolyspora shandongensis,Saccharopolyspora,Pseudonocardiaceae,Pseudonocardiales,Actinomycetes,Actinomycetota,Bacillati,Bacteria
SDY58714.1_1503961,0.8997,2.18,,SDY58714.1,Evansella caseinilytica,Evansella caseinilytica,Evansella,Bacillaceae,Bacillales,Bacilli,Bacillota,Bacillati,Bacteria
SDY81633.1_576131,0.9402,1.6,,SDY81633.1,Lentibacter algarum,Lentibacter algarum,Lentibacter,Roseobacteraceae,Rhodobacterales,Alphaproteobacteria,Pseudomonadota,Pseudomonadati,Bacteria
SDY92462.1_137265,0.739,3.52,,SDY92462.1,Asanoa ishikariensis,Asanoa ishikariensis,Asanoa,Micromonosporaceae,Micromonosporales,Actinomycetes,Actinomycetota,Bacillati,Bacteria
SDZ26242.1_1503961,0.8647,2.31,,SDZ26242.1,Evansella caseinilytica,Evansella caseinilytica,Evansella,Bacillaceae,Bacillales,Bacilli,Bacillota,Bacillati,Bacteria
SDZ94313.1_531813,0.9421,1.51,,SDZ94313.1,Pelagibacterium halotolerans,Pelagibacterium halotolerans,Pelagibacterium,Devosiaceae,Hyphomicrobiales,Alphaproteobacteria,Pseudomonadota,Pseudomonadati,Bacteria
SEA03838.1_152573,0.7378,3.88,,SEA03838.1,Alkalimonas amylolytica,Alkalimonas amylolytica,,Alkalimonas,Gammaproteobacteria incertae sedis,Gammaproteobacteria,Pseudomonadota,Pseudomonadati,Bacteria
SEA94409.1_1122198,0.7266,3.88,,SEA94409.1,Marinobacterium iners DSM 11526,Marinobacterium iners,Marinobacterium,Oceanospirillaceae,Oceanospirillales,Gammaproteobacteria,Pseudomonadota,Pseudomonadati,Bacteria
SEB72042.1_204799,0.933,1.66,,SEB72042.1,Nitratireductor aquibiodomus,Nitratireductor aquibiodomus,Nitratireductor,Phyllobacteriaceae,Hyphomicrobiales,Alphaproteobacteria,Pseudomonadota,Pseudomonadati,Bacteria
SEE03637.1_53406,0.8983,2.49,,SEE03637.1,Pseudomonas anguilliseptica,Pseudomonas anguilliseptica,Pseudomonas,Pseudomonadaceae,Pseudomonadales,Gammaproteobacteria,Pseudomonadota,Pseudomonadati,Bacteria
SEE12959.1_680197,0.9261,1.88,,SEE12959.1,Thalassospira permensis,Thalassospira permensis,Thalassospira,Thalassospiraceae,Rhodospirillales,Alphaproteobacteria,Pseudomonadota,Pseudomonadati,Bacteria
SEE72452.1_648782,0.8501,1.98,,SEE72452.1,Ruania alba,Ruania alba,Ruania,Ruaniaceae,Micrococcales,Actinomycetes,Actinomycetota,Bacillati,Bacteria
SEF41339.1_1798238,0.9338,1.64,,SEF41339.1,Alcanivorax sp. DSM 26293,unclassified Alcanivorax,Alcanivorax,Alcanivoracaceae,Oceanospirillales,Gammaproteobacteria,Pseudomonadota,Pseudomonadati,Bacteria
SEF63305.1_52021,0.7411,3.84,,SEF63305.1,Billgrantia desiderata,Billgrantia desiderata,Billgrantia,Halomonadaceae,Oceanospirillales,Gammaproteobacteria,Pseudomonadota,Pseudomonadati,Bacteria
SEF70795.1_857252,0.9236,1.88,,SEF70795.1,Halopseudomonas aestusnigri,Halopseudomonas aestusnigri,Halopseudomonas,Pseudomonadaceae,Pseudomonadales,Gammaproteobacteria,Pseudomonadota,Pseudomonadati,Bacteria
SEF88794.1_488547,0.9646,1.27,,SEF88794.1,Jhaorihella thermophila,Jhaorihella thermophila,Jhaorihella,Paracoccaceae,Rhodobacterales,Alphaproteobacteria,Pseudomonadota,Pseudomonadati,Bacteria
SEG14270.1_373675,0.9397,1.64,,SEG14270.1,Thalassococcus halodurans,Thalassococcus halodurans,Thalassococcus,Roseobacteraceae,Rhodobacterales,Alphaproteobacteria,Pseudomonadota,Pseudomonadati,Bacteria
SEG91587.1_1144553,0.9122,1.26,,SEG91587.1,Nonomuraea solani,Nonomuraea solani,Nonomuraea,Streptosporangiaceae,Streptosporangiales,Actinomycetes,Actinomycetota,Bacillati,Bacteria
SEH03201.1_1144553,0.8992,2.16,,SEH03201.1,Nonomuraea solani,Nonomuraea solani,Nonomuraea,Streptosporangiaceae,Streptosporangiales,Actinomycetes,Actinomycetota,Bacillati,Bacteria
SEH89840.1_195088,0.8287,2.87,,SEH89840.1,Halobacillus karajensis,Halobacillus karajensis,Halobacillus,Bacillaceae,Bacillales,Bacilli,Bacillota,Bacillati,Bacteria
SEI12475.1_173990,0.9301,1.69,,SEI12475.1,Rheinheimera pacifica,Rheinheimera pacifica,Rheinheimera,Chromatiaceae,Chromatiales,Gammaproteobacteria,Pseudomonadota,Pseudomonadati,Bacteria
SEI89224.1_1144548,0.7275,3.69,,SEI89224.1,Micromonospora phaseoli,Micromonospora phaseoli,Micromonospora,Micromonosporaceae,Micromonosporales,Actinomycetes,Actinomycetota,Bacillati,Bacteria
SEJ38786.1_1227549,0.9496,1.36,,SEJ38786.1,Cribrihabitans marinus,Cribrihabitans marinus,Cribrihabitans,Paracoccaceae,Rhodobacterales,Alphaproteobacteria,Pseudomonadota,Pseudomonadati,Bacteria
SEJ46021.1_42444,0.9595,1.15,,SEJ46021.1,Marinovum algicola,Marinovum algicola,Marinovum,Roseobacteraceae,Rhodobacterales,Alphaproteobacteria,Pseudomonadota,Pseudomonadati,Bacteria
SEK00500.1_301,0.9285,1.58,,SEK00500.1,Ectopseudomonas oleovorans,Ectopseudomonas oleovorans,Ectopseudomonas,Pseudomonadaceae,Pseudomonadales,Gammaproteobacteria,Pseudomonadota,Pseudomonadati,Bacteria
SEK03315.1_1227549,0.8714,2.55,,SEK03315.1,Cribrihabitans marinus,Cribrihabitans marinus,Cribrihabitans,Paracoccaceae,Rhodobacterales,Alphaproteobacteria,Pseudomonadota,Pseudomonadati,Bacteria
SEK57168.1_573024,0.9735,1.01,,SEK57168.1,Roseovarius nanhaiticus,Roseovarius nanhaiticus,Roseovarius,Roseobacteraceae,Rhodobacterales,Alphaproteobacteria,Pseudomonadota,Pseudomonadati,Bacteria
SEK80302.1_658057,0.932,1.54,,SEK80302.1,Pacificibacter marinus,Pacificibacter marinus,Pacificibacter,Roseobacteraceae,Rhodobacterales,Alphaproteobacteria,Pseudomonadota,Pseudomonadati,Bacteria
SEL36487.1_1287727,0.9709,1.07,,SEL36487.1,Roseovarius azorensis,Roseovarius azorensis,Roseovarius,Roseobacteraceae,Rhodobacterales,Alphaproteobacteria,Pseudomonadota,Pseudomonadati,Bacteria
SEL45175.1_641665,0.7549,3.78,,SEL45175.1,Colwellia chukchiensis,Colwellia chukchiensis,Colwellia,Colwelliaceae,Alteromonadales,Gammaproteobacteria,Pseudomonadota,Pseudomonadati,Bacteria
SEL90799.1_1379903,0.9274,1.86,,SEL90799.1,Roseivivax marinus,Roseivivax marinus,Roseivivax,Roseobacteraceae,Rhodobacterales,Alphaproteobacteria,Pseudomonadota,Pseudomonadati,Bacteria
SEL91013.1_650850,0.7133,4.01,,SEL91013.1,Halomonas daqiaonensis,Halomonas daqiaonensis,Halomonas,Halomonadaceae,Oceanospirillales,Gammaproteobacteria,Pseudomonadota,Pseudomonadati,Bacteria
SEM11527.1_438744,0.7258,3.92,,SEM11527.1,Halomonas caseinilytica,Halomonas caseinilytica,Halomonas,Halomonadaceae,Oceanospirillales,Gammaproteobacteria,Pseudomonadota,Pseudomonadati,Bacteria
SEM22008.1_74031,0.9612,1.06,,SEM22008.1,Roseovarius tolerans,Roseovarius tolerans,Roseovarius,Roseobacteraceae,Rhodobacterales,Alphaproteobacteria,Pseudomonadota,Pseudomonadati,Bacteria
SEM38375.1_46177,0.9072,2.09,,SEM38375.1,Nonomuraea pusilla,Nonomuraea pusilla,Nonomuraea,Streptosporangiaceae,Streptosporangiales,Actinomycetes,Actinomycetota,Bacillati,Bacteria
SEM89473.1_1077947,0.9849,0.91,,SEM89473.1,Pseudorhodobacter antarcticus,Pseudorhodobacter antarcticus,Pseudorhodobacter,Paracoccaceae,Rhodobacterales,Alphaproteobacteria,Pseudomonadota,Pseudomonadati,Bacteria
SEN30807.1_77097,0.7427,3.9,,SEN30807.1,Vreelandella aquamarina,Vreelandella aquamarina,Vreelandella,Halomonadaceae,Oceanospirillales,Gammaproteobacteria,Pseudomonadota,Pseudomonadati,Bacteria
SEN36630.1_930146,0.8548,2.41,,SEN36630.1,Mesobacillus persicus,Mesobacillus persicus,Mesobacillus,Bacillaceae,Bacillales,Bacilli,Bacillota,Bacillati,Bacteria
SEN68442.1_387096,0.9658,1.16,,SEN68442.1,Palleronia pelagia,Palleronia pelagia,Palleronia,Roseobacteraceae,Rhodobacterales,Alphaproteobacteria,Pseudomonadota,Pseudomonadati,Bacteria
SEN71074.1_46177,0.9483,1.53,,SEN71074.1,Nonomuraea pusilla,Nonomuraea pusilla,Nonomuraea,Streptosporangiaceae,Streptosporangiales,Actinomycetes,Actinomycetota,Bacillati,Bacteria
SEN75140.1_245187,0.9816,0.82,,SEN75140.1,Loktanella fryxellensis,Loktanella fryxellensis,Loktanella,Roseobacteraceae,Rhodobacterales,Alphaproteobacteria,Pseudomonadota,Pseudomonadati,Bacteria
SEO74380.1_569882,0.972,0.68,,SEO74380.1,Salinihabitans flavidus,Salinihabitans flavidus,Salinihabitans,Roseobacteraceae,Rhodobacterales,Alphaproteobacteria,Pseudomonadota,Pseudomonadati,Bacteria
SEP09558.1_406100,0.9295,1.6,,SEP09558.1,Aquisalimonas asiatica,Aquisalimonas asiatica,Aquisalimonas,Ectothiorhodospiraceae,Chromatiales,Gammaproteobacteria,Pseudomonadota,Pseudomonadati,Bacteria
SEP72848.1_200379,0.9344,1.49,,SEP72848.1,Lentzea flaviverrucosa,Lentzea flaviverrucosa,Lentzea,Pseudonocardiaceae,Pseudonocardiales,Actinomycetes,Actinomycetota,Bacillati,Bacteria
SEP73801.1_543360,0.8851,2.66,,SEP73801.1,Pseudomonas cuatrocienegasensis,Pseudomonas cuatrocienegasensis,Pseudomonas,Pseudomonadaceae,Pseudomonadales,Gammaproteobacteria,Pseudomonadota,Pseudomonadati,Bacteria
SEP88570.1_989403,0.9335,1.72,,SEP88570.1,Pseudovibrio axinellae,Pseudovibrio axinellae,Pseudovibrio,Stappiaceae,Hyphomicrobiales,Alphaproteobacteria,Pseudomonadota,Pseudomonadati,Bacteria
SEQ05878.1_867345,0.8852,2.48,,SEQ05878.1,Ectothiorhodospira magna,Ectothiorhodospira magna,Ectothiorhodospira,Ectothiorhodospiraceae,Chromatiales,Gammaproteobacteria,Pseudomonadota,Pseudomonadati,Bacteria
SEQ40964.1_571933,0.8918,2.11,,SEQ40964.1,Piscibacillus halophilus,Piscibacillus halophilus,Piscibacillus,Bacillaceae,Bacillales,Bacilli,Bacillota,Bacillati,Bacteria
SEQ75649.1_355243,0.7464,3.93,,SEQ75649.1,Amphritea atlantica,Amphritea atlantica,Amphritea,Oceanospirillaceae,Oceanospirillales,Gammaproteobacteria,Pseudomonadota,Pseudomonadati,Bacteria
SEQ89134.1_478744,0.7563,3.35,,SEQ89134.1,Neolewinella agarilytica,Neolewinella agarilytica,Neolewinella,Lewinellaceae,Saprospirales,Saprospiria,Bacteroidota,Pseudomonadati,Bacteria
SER47519.1_1601833,0.8379,2.67,,SER47519.1,Salipaludibacillus aurantiacus,Salipaludibacillus aurantiacus,Salipaludibacillus,Bacillaceae,Bacillales,Bacilli,Bacillota,Bacillati,Bacteria
SER62638.1_531814,0.8253,3.14,,SER62638.1,Gracilibacillus ureilyticus,Gracilibacillus ureilyticus,Gracilibacillus,Bacillaceae,Bacillales,Bacilli,Bacillota,Bacillati,Bacteria
SER84526.1_65499,0.9047,1.86,,SER84526.1,Lentzea albida,Lentzea albida,Lentzea,Pseudonocardiaceae,Pseudonocardiales,Actinomycetes,Actinomycetota,Bacillati,Bacteria
SES08768.1_641238,0.9933,0.5,,SES08768.1,Tranquillimonas rosea,Tranquillimonas rosea,Tranquillimonas,Roseobacteraceae,Rhodobacterales,Alphaproteobacteria,Pseudomonadota,Pseudomonadati,Bacteria
SES22800.1_402600,0.9055,1.84,,SES22800.1,Lentzea xinjiangensis,Lentzea xinjiangensis,Lentzea,Pseudonocardiaceae,Pseudonocardiales,Actinomycetes,Actinomycetota,Bacillati,Bacteria
SES29251.1_1601833,0.869,2.22,,SES29251.1,Salipaludibacillus aurantiacus,Salipaludibacillus aurantiacus,Salipaludibacillus,Bacillaceae,Bacillales,Bacilli,Bacillota,Bacillati,Bacteria
SES44826.1_65499,0.9381,1.46,,SES44826.1,Lentzea albida,Lentzea albida,Lentzea,Pseudonocardiaceae,Pseudonocardiales,Actinomycetes,Actinomycetota,Bacillati,Bacteria
SET20381.1_430453,0.7528,3.67,,SET20381.1,Marinobacter segnicrescens,Marinobacter segnicrescens,Marinobacter,Marinobacteraceae,Pseudomonadales,Gammaproteobacteria,Pseudomonadota,Pseudomonadati,Bacteria
SET30946.1_349064,0.6903,4.38,,SET30946.1,Thalassotalea agarivorans,Thalassotalea agarivorans,Thalassotalea,Colwelliaceae,Alteromonadales,Gammaproteobacteria,Pseudomonadota,Pseudomonadati,Bacteria
SET53404.1_930131,0.918,2,,SET53404.1,Oceanobacillus limi,Oceanobacillus limi,Oceanobacillus,Bacillaceae,Bacillales,Bacilli,Bacillota,Bacillati,Bacteria
SET54658.1_364199,0.9878,0.75,,SET54658.1,Paracoccus homiensis,Paracoccus homiensis,Paracoccus,Paracoccaceae,Rhodobacterales,Alphaproteobacteria,Pseudomonadota,Pseudomonadati,Bacteria
SET84537.1_1168034,0.7923,2.93,,SET84537.1,Draconibacterium orientale,Draconibacterium orientale,Draconibacterium,Prolixibacteraceae,Marinilabiliales,Bacteroidia,Bacteroidota,Pseudomonadati,Bacteria
SEU34841.1_568860,0.9185,1.74,,SEU34841.1,Nonomuraea wenchangensis,Nonomuraea wenchangensis,Nonomuraea,Streptosporangiaceae,Streptosporangiales,Actinomycetes,Actinomycetota,Bacillati,Bacteria
SEU44695.1_568860,0.9098,2.03,,SEU44695.1,Nonomuraea wenchangensis,Nonomuraea wenchangensis,Nonomuraea,Streptosporangiaceae,Streptosporangiales,Actinomycetes,Actinomycetota,Bacillati,Bacteria
SEW41763.1_364200,0.9836,0.42,,SEW41763.1,Cognatiyoonia koreensis,Cognatiyoonia koreensis,Cognatiyoonia,Paracoccaceae,Rhodobacterales,Alphaproteobacteria,Pseudomonadota,Pseudomonadati,Bacteria
SFB60291.1_490629,0.917,1.89,,SFB60291.1,Amycolatopsis marina,Amycolatopsis marina,Amycolatopsis,Pseudonocardiaceae,Pseudonocardiales,Actinomycetes,Actinomycetota,Bacillati,Bacteria
SFC06212.1_928856,0.943,1.48,,SFC06212.1,Tritonibacter multivorans,Tritonibacter multivorans,Tritonibacter,Paracoccaceae,Rhodobacterales,Alphaproteobacteria,Pseudomonadota,Pseudomonadati,Bacteria
SFC22029.1_1122252,0.7631,3.64,,SFC22029.1,Marinospirillum celere,Marinospirillum celere,Marinospirillum,Oceanospirillaceae,Oceanospirillales,Gammaproteobacteria,Pseudomonadota,Pseudomonadati,Bacteria
SFC24247.1_547162,0.7224,3.84,,SFC24247.1,Micromonospora sediminimaris,Micromonospora sediminimaris,Micromonospora,Micromonosporaceae,Micromonosporales,Actinomycetes,Actinomycetota,Bacillati,Bacteria
SFC42706.1_252514,0.8671,2.4,,SFC42706.1,Microbulbifer thermotolerans,Microbulbifer thermotolerans,Microbulbifer,Microbulbiferaceae,Cellvibrionales,Gammaproteobacteria,Pseudomonadota,Pseudomonadati,Bacteria
SFC78256.1_441112,0.987,0.79,,SFC78256.1,Tropicimonas isoalkanivorans,Tropicimonas isoalkanivorans,Tropicimonas,Roseobacteraceae,Rhodobacterales,Alphaproteobacteria,Pseudomonadota,Pseudomonadati,Bacteria
SFC91729.1_1123010,0.7063,4.1,,SFC91729.1,Pseudoalteromonas denitrificans DSM 6059,Pseudoalteromonas denitrificans,Pseudoalteromonas,Pseudoalteromonadaceae,Alteromonadales,Gammaproteobacteria,Pseudomonadota,Pseudomonadati,Bacteria
SFD18535.1_1229727,0.9441,1.5,,SFD18535.1,Salipiger profundus,Salipiger profundus,Salipiger,Roseobacteraceae,Rhodobacterales,Alphaproteobacteria,Pseudomonadota,Pseudomonadati,Bacteria
SFD45179.1_321267,0.9594,1.15,,SFD45179.1,Shimia marina,Shimia marina,Shimia,Roseobacteraceae,Rhodobacterales,Alphaproteobacteria,Pseudomonadota,Pseudomonadati,Bacteria
SFD62750.1_1123010,0.6909,4.5,,SFD62750.1,Pseudoalteromonas denitrificans DSM 6059,Pseudoalteromonas denitrificans,Pseudoalteromonas,Pseudoalteromonadaceae,Alteromonadales,Gammaproteobacteria,Pseudomonadota,Pseudomonadati,Bacteria
SFD88470.1_1123397,0.7367,3.87,,SFD88470.1,Thiohalospira halophila DSM 15071,Thiohalospira halophila,Thiohalospira,Thiohalospiraceae,Thiohalospirales,Gammaproteobacteria,Pseudomonadota,Pseudomonadati,Bacteria
SFE19421.1_74348,0.99,0.6,,SFE19421.1,Sulfitobacter brevis,Sulfitobacter brevis,Sulfitobacter,Roseobacteraceae,Rhodobacterales,Alphaproteobacteria,Pseudomonadota,Pseudomonadati,Bacteria
SFE37334.1_936889,0.8784,1.06,,SFE37334.1,Roseivivax sediminis,Roseivivax sediminis,Roseivivax,Roseobacteraceae,Rhodobacterales,Alphaproteobacteria,Pseudomonadota,Pseudomonadati,Bacteria
SFE41765.1_930128,0.8727,2.8,,SFE41765.1,Alteribacillus iranensis,Alteribacillus iranensis,Alteribacillus,Bacillaceae,Bacillales,Bacilli,Bacillota,Bacillati,Bacteria
SFE49475.1_35752,0.7721,3.35,,SFE49475.1,Actinoplanes philippinensis,Actinoplanes philippinensis,Actinoplanes,Micromonosporaceae,Micromonosporales,Actinomycetes,Actinomycetota,Bacillati,Bacteria
SFF24230.1_1003,0.8117,2.64,,SFF24230.1,Thermoflexibacter ruber,Thermoflexibacter ruber,Thermoflexibacter,Thermoflexibacteraceae,Cytophagales,Cytophagia,Bacteroidota,Pseudomonadati,Bacteria
SFF69799.1_375451,0.9407,1.54,,SFF69799.1,Roseobacter denitrificans OCh 114,Roseobacter denitrificans,Roseobacter,Roseobacteraceae,Rhodobacterales,Alphaproteobacteria,Pseudomonadota,Pseudomonadati,Bacteria
SFF84143.1_282197,0.9547,1.09,,SFF84143.1,Jannaschia rubra,Jannaschia rubra,Jannaschia,Roseobacteraceae,Rhodobacterales,Alphaproteobacteria,Pseudomonadota,Pseudomonadati,Bacteria
SFG23058.1_218673,0.9563,1.44,,SFG23058.1,Sulfitobacter dubius,Sulfitobacter dubius,Sulfitobacter,Roseobacteraceae,Rhodobacterales,Alphaproteobacteria,Pseudomonadota,Pseudomonadati,Bacteria
SFG37766.1_1045558,0.7221,4.07,,SFG37766.1,Neptunomonas qingdaonensis,Neptunomonas qingdaonensis,Neptunomonas,Oceanospirillaceae,Oceanospirillales,Gammaproteobacteria,Pseudomonadota,Pseudomonadati,Bacteria
SFG39349.1_315423,0.8788,1.01,,SFG39349.1,Palleronia marisminoris,Palleronia marisminoris,Palleronia,Roseobacteraceae,Rhodobacterales,Alphaproteobacteria,Pseudomonadota,Pseudomonadati,Bacteria
SFG72899.1_481446,0.9877,0.85,,SFG72899.1,Phaeobacter italicus,Phaeobacter italicus,Phaeobacter,Roseobacteraceae,Rhodobacterales,Alphaproteobacteria,Pseudomonadota,Pseudomonadati,Bacteria
SFH68647.1_1114924,0.8922,2.36,,SFH68647.1,Albimonas pacifica,Albimonas pacifica,Albimonas,Paracoccaceae,Rhodobacterales,Alphaproteobacteria,Pseudomonadota,Pseudomonadati,Bacteria
SFI25457.1_1005945,0.8667,2.49,,SFI25457.1,Nocardioides psychrotolerans,Nocardioides psychrotolerans,Nocardioides,Nocardioidaceae,Propionibacteriales,Actinomycetes,Actinomycetota,Bacillati,Bacteria
SFI68056.1_324952,0.9098,1.91,,SFI68056.1,Streptosporangium canum,Streptosporangium canum,Streptosporangium,Streptosporangiaceae,Streptosporangiales,Actinomycetes,Actinomycetota,Bacillati,Bacteria
SFI89011.1_324952,0.9139,2.09,,SFI89011.1,Streptosporangium canum,Streptosporangium canum,Streptosporangium,Streptosporangiaceae,Streptosporangiales,Actinomycetes,Actinomycetota,Bacillati,Bacteria
SFI94455.1_289370,0.9373,1.38,,SFI94455.1,Phytopseudomonas argentinensis,Phytopseudomonas argentinensis,Phytopseudomonas,Pseudomonadaceae,Pseudomonadales,Gammaproteobacteria,Pseudomonadota,Pseudomonadati,Bacteria
SFJ02504.1_1122600,0.9546,1.02,,SFJ02504.1,Nereida ignava DSM 16309,Nereida ignava,Nereida,Roseobacteraceae,Rhodobacterales,Alphaproteobacteria,Pseudomonadota,Pseudomonadati,Bacteria
SFJ44826.1_1211807,0.9072,2.21,,SFJ44826.1,Stutzerimonas kunmingensis,Stutzerimonas kunmingensis,Stutzerimonas,Pseudomonadaceae,Pseudomonadales,Gammaproteobacteria,Pseudomonadota,Pseudomonadati,Bacteria
SFJ75164.1_240302,0.7601,3.01,,SFJ75164.1,Halobacillus dabanensis,Halobacillus dabanensis,Halobacillus,Bacillaceae,Bacillales,Bacilli,Bacillota,Bacillati,Bacteria
SFJ79460.1_390807,0.9808,0.54,,SFJ79460.1,Jannaschia pohangensis,Jannaschia pohangensis,Jannaschia,Roseobacteraceae,Rhodobacterales,Alphaproteobacteria,Pseudomonadota,Pseudomonadati,Bacteria
SFJ85059.1_83771,0.9142,2.05,,SFJ85059.1,Succinivibrio dextrinosolvens,Succinivibrio dextrinosolvens,Succinivibrio,Succinivibrionaceae,Aeromonadales,Gammaproteobacteria,Pseudomonadota,Pseudomonadati,Bacteria
SFJ98669.1_930118,0.7454,3.81,,SFJ98669.1,Marinobacter persicus,Marinobacter persicus,Marinobacter,Marinobacteraceae,Pseudomonadales,Gammaproteobacteria,Pseudomonadota,Pseudomonadati,Bacteria
SFK09795.1_285279,0.9127,2.09,,SFK09795.1,Pseudovibrio ascidiaceicola,Pseudovibrio ascidiaceicola,Pseudovibrio,Stappiaceae,Hyphomicrobiales,Alphaproteobacteria,Pseudomonadota,Pseudomonadati,Bacteria
SFK09813.1_285279,0.9194,1.96,,SFK09813.1,Pseudovibrio ascidiaceicola,Pseudovibrio ascidiaceicola,Pseudovibrio,Stappiaceae,Hyphomicrobiales,Alphaproteobacteria,Pseudomonadota,Pseudomonadati,Bacteria
SFK18458.1_1397108,0.9417,1.51,,SFK18458.1,Celeribacter marinus,Celeribacter marinus,Celeribacter,Roseobacteraceae,Rhodobacterales,Alphaproteobacteria,Pseudomonadota,Pseudomonadati,Bacteria
SFK61504.1_285279,0.891,2.44,,SFK61504.1,Pseudovibrio ascidiaceicola,Pseudovibrio ascidiaceicola,Pseudovibrio,Stappiaceae,Hyphomicrobiales,Alphaproteobacteria,Pseudomonadota,Pseudomonadati,Bacteria
SFK69891.1_45496,0.7071,4.19,,SFK69891.1,Methylophaga sulfidovorans,Methylophaga sulfidovorans,Methylophaga,Piscirickettsiaceae,Thiotrichales,Gammaproteobacteria,Pseudomonadota,Pseudomonadati,Bacteria
SFK90335.1_195913,0.9887,0.64,,SFK90335.1,Loktanella salsilacus,Loktanella salsilacus,Loktanella,Roseobacteraceae,Rhodobacterales,Alphaproteobacteria,Pseudomonadota,Pseudomonadati,Bacteria
SFL02512.1_1280847,0.9251,1.78,,SFL02512.1,Shimia haliotis,Shimia haliotis,Shimia,Roseobacteraceae,Rhodobacterales,Alphaproteobacteria,Pseudomonadota,Pseudomonadati,Bacteria
SFL10536.1_1123062,0.9087,2,,SFL10536.1,Falsiroseomonas stagni DSM 19981,Falsiroseomonas stagni,Falsiroseomonas,Roseomonadaceae,Acetobacterales,Alphaproteobacteria,Pseudomonadota,Pseudomonadati,Bacteria
SFL81618.1_1420917,0.7459,3.77,,SFL81618.1,Marinobacter salarius,Marinobacter salarius,Marinobacter,Marinobacteraceae,Pseudomonadales,Gammaproteobacteria,Pseudomonadota,Pseudomonadati,Bacteria
SFM12884.1_334253,0.7992,3.35,,SFM12884.1,Gracilibacillus orientalis,Gracilibacillus orientalis,Gracilibacillus,Bacillaceae,Bacillales,Bacilli,Bacillota,Bacillati,Bacteria
SFM13266.1_1720063,0.9307,1.74,,SFM13266.1,Halopseudomonas yangmingensis,Halopseudomonas yangmingensis,Halopseudomonas,Pseudomonadaceae,Pseudomonadales,Gammaproteobacteria,Pseudomonadota,Pseudomonadati,Bacteria
SFM61040.1_254406,0.961,1.24,,SFM61040.1,Shimia aestuarii,Shimia aestuarii,Shimia,Roseobacteraceae,Rhodobacterales,Alphaproteobacteria,Pseudomonadota,Pseudomonadati,Bacteria
SFM80882.1_254161,0.9297,1.76,,SFM80882.1,Halopseudomonas pachastrellae,Halopseudomonas pachastrellae,Halopseudomonas,Pseudomonadaceae,Pseudomonadales,Gammaproteobacteria,Pseudomonadota,Pseudomonadati,Bacteria
SFM81397.1_455193,0.945,1.47,,SFM81397.1,Saccharopolyspora antimicrobica,Saccharopolyspora antimicrobica,Saccharopolyspora,Pseudonocardiaceae,Pseudonocardiales,Actinomycetes,Actinomycetota,Bacillati,Bacteria
SFM90700.1_1720063,0.8939,2.67,,SFM90700.1,Halopseudomonas yangmingensis,Halopseudomonas yangmingensis,Halopseudomonas,Pseudomonadaceae,Pseudomonadales,Gammaproteobacteria,Pseudomonadota,Pseudomonadati,Bacteria
SFN43098.1_1005928,0.9892,0.63,,SFN43098.1,Roseovarius lutimaris,Roseovarius lutimaris,Roseovarius,Roseobacteraceae,Rhodobacterales,Alphaproteobacteria,Pseudomonadota,Pseudomonadati,Bacteria
SFN57086.1_379482,0.7418,3.88,,SFN57086.1,Marinobacter pelagius,Marinobacter pelagius,Marinobacter,Marinobacteraceae,Pseudomonadales,Gammaproteobacteria,Pseudomonadota,Pseudomonadati,Bacteria
SFN94504.1_655353,0.9137,1.91,,SFN94504.1,Cohaesibacter marisflavi,Cohaesibacter marisflavi,Cohaesibacter,Cohaesibacteraceae,Hyphomicrobiales,Alphaproteobacteria,Pseudomonadota,Pseudomonadati,Bacteria
SFO95990.1_441119,0.9566,1.42,,SFO95990.1,Tranquillimonas alkanivorans,Tranquillimonas alkanivorans,Tranquillimonas,Roseobacteraceae,Rhodobacterales,Alphaproteobacteria,Pseudomonadota,Pseudomonadati,Bacteria
SFP04641.1_867,0.799,2.74,,SFP04641.1,Ruminobacter amylophilus,Ruminobacter amylophilus,Ruminobacter,Succinivibrionaceae,Aeromonadales,Gammaproteobacteria,Pseudomonadota,Pseudomonadati,Bacteria
SFP30995.1_289003,0.8841,2.56,,SFP30995.1,Pseudomonas borbori,Pseudomonas borbori,Pseudomonas,Pseudomonadaceae,Pseudomonadales,Gammaproteobacteria,Pseudomonadota,Pseudomonadati,Bacteria
SFP49421.1_587909,0.9251,1.76,,SFP49421.1,Amycolatopsis arida,Amycolatopsis arida,Amycolatopsis,Pseudonocardiaceae,Pseudonocardiales,Actinomycetes,Actinomycetota,Bacillati,Bacteria
SFP76734.1_867,0.7695,2.66,,SFP76734.1,Ruminobacter amylophilus,Ruminobacter amylophilus,Ruminobacter,Succinivibrionaceae,Aeromonadales,Gammaproteobacteria,Pseudomonadota,Pseudomonadati,Bacteria
SFQ04036.1_93684,0.9685,1.21,,SFQ04036.1,Roseivivax halotolerans,Roseivivax halotolerans,Roseivivax,Roseobacteraceae,Rhodobacterales,Alphaproteobacteria,Pseudomonadota,Pseudomonadati,Bacteria
SFQ30485.1_721133,0.9341,1.67,,SFQ30485.1,Nitratireductor indicus,Nitratireductor indicus,Nitratireductor,Phyllobacteriaceae,Hyphomicrobiales,Alphaproteobacteria,Pseudomonadota,Pseudomonadati,Bacteria
SFQ45210.1_393278,0.9843,0.54,,SFQ45210.1,Donghicola eburneus,Donghicola eburneus,Donghicola,Roseobacteraceae,Rhodobacterales,Alphaproteobacteria,Pseudomonadota,Pseudomonadati,Bacteria
SFR45194.1_375760,0.7413,3.85,,SFR45194.1,Marinobacter gudaonensis,Marinobacter gudaonensis,Marinobacter,Marinobacteraceae,Pseudomonadales,Gammaproteobacteria,Pseudomonadota,Pseudomonadati,Bacteria
SFR52298.1_390270,0.9596,1.11,,SFR52298.1,Yoonia tamlensis,Yoonia tamlensis,Yoonia,Paracoccaceae,Rhodobacterales,Alphaproteobacteria,Pseudomonadota,Pseudomonadati,Bacteria
SFS19487.1_1123755,0.9662,0.84,,SFS19487.1,Yoonia litorea,Yoonia litorea,Yoonia,Paracoccaceae,Rhodobacterales,Alphaproteobacteria,Pseudomonadota,Pseudomonadati,Bacteria
SFS84984.1_394264,0.9622,1.09,,SFS84984.1,Sulfitobacter marinus,Sulfitobacter marinus,Sulfitobacter,Roseobacteraceae,Rhodobacterales,Alphaproteobacteria,Pseudomonadota,Pseudomonadati,Bacteria
SFS97007.1_95161,0.9246,1.65,,SFS97007.1,Saccharopolyspora flava,Saccharopolyspora flava,Saccharopolyspora,Pseudonocardiaceae,Pseudonocardiales,Actinomycetes,Actinomycetota,Bacillati,Bacteria
SFT42131.1_86102,0.7352,4.16,,SFT42131.1,Idiomarina abyssalis,Idiomarina abyssalis,Idiomarina,Idiomarinaceae,Alteromonadales,Gammaproteobacteria,Pseudomonadota,Pseudomonadati,Bacteria
SFT44992.1_416872,0.7389,3.74,,SFT44992.1,Halomonas saccharevitans,Halomonas saccharevitans,Halomonas,Halomonadaceae,Oceanospirillales,Gammaproteobacteria,Pseudomonadota,Pseudomonadati,Bacteria
SFT72885.1_570156,0.7289,3.81,,SFT72885.1,Pseudoalteromonas lipolytica,Pseudoalteromonas lipolytica,Pseudoalteromonas,Pseudoalteromonadaceae,Alteromonadales,Gammaproteobacteria,Pseudomonadota,Pseudomonadati,Bacteria
SFT96078.1_258256,0.9231,1.87,,SFT96078.1,Pseudovibrio denitrificans,Pseudovibrio denitrificans,Pseudovibrio,Stappiaceae,Hyphomicrobiales,Alphaproteobacteria,Pseudomonadota,Pseudomonadati,Bacteria
SFU07962.1_999627,0.8636,2.63,,SFU07962.1,Sedimentitalea nanhaiensis,Sedimentitalea nanhaiensis,Sedimentitalea,Paracoccaceae,Rhodobacterales,Alphaproteobacteria,Pseudomonadota,Pseudomonadati,Bacteria
SFU64430.1_463301,0.7361,3.93,,SFU64430.1,Halomonas korlensis,Halomonas korlensis,Halomonas,Halomonadaceae,Oceanospirillales,Gammaproteobacteria,Pseudomonadota,Pseudomonadati,Bacteria
SFV37597.1_429728,0.9468,1.34,,SFV37597.1,Devosia crocina,Devosia crocina,Devosia,Devosiaceae,Hyphomicrobiales,Alphaproteobacteria,Pseudomonadota,Pseudomonadati,Bacteria
SFX29222.1_1122209,0.7682,3.6,,SFX29222.1,Marinospirillum alkaliphilum DSM 21637,Marinospirillum alkaliphilum,Marinospirillum,Oceanospirillaceae,Oceanospirillales,Gammaproteobacteria,Pseudomonadota,Pseudomonadati,Bacteria
SFZ82155.1_665118,0.934,1.53,,SFZ82155.1,Devosia enhydra,Devosia enhydra,Devosia,Devosiaceae,Hyphomicrobiales,Alphaproteobacteria,Pseudomonadota,Pseudomonadati,Bacteria
SHE30512.1_996115,0.9656,1.18,,SHE30512.1,Ruegeria intermedia,Ruegeria intermedia,Ruegeria,Roseobacteraceae,Rhodobacterales,Alphaproteobacteria,Pseudomonadota,Pseudomonadati,Bacteria
SHF10357.1_366533,0.9555,1.17,,SHF10357.1,Loktanella atrilutea,Loktanella atrilutea,Loktanella,Roseobacteraceae,Rhodobacterales,Alphaproteobacteria,Pseudomonadota,Pseudomonadati,Bacteria
SHF18724.1_1402135,0.9405,1.57,,SHF18724.1,Pseudosulfitobacter pseudonitzschiae,Pseudosulfitobacter pseudonitzschiae,Pseudosulfitobacter,Roseobacteraceae,Rhodobacterales,Alphaproteobacteria,Pseudomonadota,Pseudomonadati,Bacteria
SHF69618.1_494016,0.8212,2.48,,SHF69618.1,Microbulbifer donghaiensis,Microbulbifer donghaiensis,Microbulbifer,Microbulbiferaceae,Cellvibrionales,Gammaproteobacteria,Pseudomonadota,Pseudomonadati,Bacteria
SHG01364.1_930117,0.9099,1.96,,SHG01364.1,Ornithinibacillus halophilus,Ornithinibacillus halophilus,Ornithinibacillus,Bacillaceae,Bacillales,Bacilli,Bacillota,Bacillati,Bacteria
SHG83637.1_870908,0.9825,0.46,,SHG83637.1,Cognatishimia maritima,Cognatishimia maritima,Cognatishimia,Paracoccaceae,Rhodobacterales,Alphaproteobacteria,Pseudomonadota,Pseudomonadati,Bacteria
SHH09860.1_1508389,0.9606,0.97,,SHH09860.1,Cognatiyoonia sediminum,Cognatiyoonia sediminum,Cognatiyoonia,Paracoccaceae,Rhodobacterales,Alphaproteobacteria,Pseudomonadota,Pseudomonadati,Bacteria
SHH21626.1_411959,0.903,1.99,,SHH21626.1,Virgibacillus chiguensis,Virgibacillus chiguensis,Virgibacillus,Bacillaceae,Bacillales,Bacilli,Bacillota,Bacillati,Bacteria
SHH36216.1_634436,0.591,4.35,,SHH36216.1,Marisediminitalea aggregata,Marisediminitalea aggregata,Marisediminitalea,Alteromonadaceae,Alteromonadales,Gammaproteobacteria,Pseudomonadota,Pseudomonadati,Bacteria
SHH60333.1_996342,0.9341,1.61,,SHH60333.1,Marivita hallyeonensis,Marivita hallyeonensis,Marivita,Roseobacteraceae,Rhodobacterales,Alphaproteobacteria,Pseudomonadota,Pseudomonadati,Bacteria
SHI04733.1_299255,0.854,2.55,,SHI04733.1,Ferrimonas marina,Ferrimonas marina,Ferrimonas,Ferrimonadaceae,Alteromonadales,Gammaproteobacteria,Pseudomonadota,Pseudomonadati,Bacteria
SHI37668.1_570521,0.8152,2.86,,SHI37668.1,Aquimarina spongiae,Aquimarina spongiae,Aquimarina,Flavobacteriaceae,Flavobacteriales,Flavobacteriia,Bacteroidota,Pseudomonadati,Bacteria
SHI43049.1_1447782,0.9517,1.49,,SHI43049.1,Wenxinia saemankumensis,Wenxinia saemankumensis,Wenxinia,Roseobacteraceae,Rhodobacterales,Alphaproteobacteria,Pseudomonadota,Pseudomonadati,Bacteria
SHI46320.1_1168035,0.7608,3.42,,SHI46320.1,Tangfeifania diversioriginum,Tangfeifania diversioriginum,Tangfeifania,Prolixibacteraceae,Marinilabiliales,Bacteroidia,Bacteroidota,Pseudomonadati,Bacteria
SHK24723.1_564117,0.7316,3.92,,SHK24723.1,Marinobacter antarcticus,Marinobacter antarcticus,Marinobacter,Marinobacteraceae,Pseudomonadales,Gammaproteobacteria,Pseudomonadota,Pseudomonadati,Bacteria
SHK56009.1_758803,0.8955,2.28,,SHK56009.1,Nocardiopsis flavescens,Nocardiopsis flavescens,Nocardiopsis,Nocardiopsidaceae,Streptosporangiales,Actinomycetes,Actinomycetota,Bacillati,Bacteria
SHK71271.1_1896211,0.8556,2.44,,SHK71271.1,Fibrobacter sp. UWH5,unclassified Fibrobacter,Fibrobacter,Fibrobacteraceae,Fibrobacterales,Fibrobacteria,Fibrobacterota,Pseudomonadati,Bacteria
SHL47875.1_1220495,0.9303,1.54,,SHL47875.1,Phytopseudomonas punonensis,Phytopseudomonas punonensis,Phytopseudomonas,Pseudomonadaceae,Pseudomonadales,Gammaproteobacteria,Pseudomonadota,Pseudomonadati,Bacteria
SHL52741.1_735517,0.91,2.08,,SHL52741.1,Roseibium suaedae,Roseibium suaedae,Roseibium,Stappiaceae,Hyphomicrobiales,Alphaproteobacteria,Pseudomonadota,Pseudomonadati,Bacteria
SHL54864.1_337701,0.9278,1.8,,SHL54864.1,Roseovarius pacificus,Roseovarius pacificus,Roseovarius,Roseobacteraceae,Rhodobacterales,Alphaproteobacteria,Pseudomonadota,Pseudomonadati,Bacteria
SHM58152.1_1155722,0.9386,1.62,,SHM58152.1,Roseovarius litoreus,Roseovarius litoreus,Roseovarius,Roseobacteraceae,Rhodobacterales,Alphaproteobacteria,Pseudomonadota,Pseudomonadati,Bacteria
SHN26650.1_1027249,0.8244,3.2,,SHN26650.1,Gracilibacillus kekensis,Gracilibacillus kekensis,Gracilibacillus,Bacillaceae,Bacillales,Bacilli,Bacillota,Bacillati,Bacteria
SIN61302.1_1123272,0.9278,1.69,,SIN61302.1,Parasphingorhabdus marina DSM 22363,Parasphingorhabdus marina,Parasphingorhabdus,Sphingomonadaceae,Sphingomonadales,Alphaproteobacteria,Pseudomonadota,Pseudomonadati,Bacteria
SIO40450.1_1458307,0.9465,1.16,,SIO40450.1,Octadecabacter temperatus,Octadecabacter temperatus,Octadecabacter,Roseobacteraceae,Rhodobacterales,Alphaproteobacteria,Pseudomonadota,Pseudomonadati,Bacteria
SIO49226.1_1882821,0.9773,1.16,,SIO49226.1,Rhodovulum sp. ES.010,unclassified Rhodovulum,Rhodovulum,Paracoccaceae,Rhodobacterales,Alphaproteobacteria,Pseudomonadota,Pseudomonadati,Bacteria
SIO84181.1_1434837,0.8657,2.16,,SIO84181.1,Nocardiopsis sp. JB363,unclassified Nocardiopsis,Nocardiopsis,Nocardiopsidaceae,Streptosporangiales,Actinomycetes,Actinomycetota,Bacillati,Bacteria
SIO90289.1_1434837,0.8723,2.67,,SIO90289.1,Nocardiopsis sp. JB363,unclassified Nocardiopsis,Nocardiopsis,Nocardiopsidaceae,Streptosporangiales,Actinomycetes,Actinomycetota,Bacillati,Bacteria
SIQ50979.1_58117,0.8903,2.11,,SIQ50979.1,Microbispora rosea,Microbispora rosea,Microbispora,Streptosporangiaceae,Streptosporangiales,Actinomycetes,Actinomycetota,Bacillati,Bacteria
SIQ64388.1_49186,0.7351,3.9,,SIQ64388.1,Marinobacterium stanieri,Marinobacterium stanieri,Marinobacterium,Oceanospirillaceae,Oceanospirillales,Gammaproteobacteria,Pseudomonadota,Pseudomonadati,Bacteria
SIR20007.1_1198245,0.7576,3.4,,SIR20007.1,Micromonospora avicenniae,Micromonospora avicenniae,Micromonospora,Micromonosporaceae,Micromonosporales,Actinomycetes,Actinomycetota,Bacillati,Bacteria
SIR70760.1_58117,0.9227,1.67,,SIR70760.1,Microbispora rosea,Microbispora rosea,Microbispora,Streptosporangiaceae,Streptosporangiales,Actinomycetes,Actinomycetota,Bacillati,Bacteria
SIR80718.1_1198245,0.7116,3.71,,SIR80718.1,Micromonospora avicenniae,Micromonospora avicenniae,Micromonospora,Micromonosporaceae,Micromonosporales,Actinomycetes,Actinomycetota,Bacillati,Bacteria
SIS32177.1_340021,0.9401,1.56,,SIS32177.1,Thalassovita mediterranea,Thalassovita mediterranea,Thalassovita,Roseobacteraceae,Rhodobacterales,Alphaproteobacteria,Pseudomonadota,Pseudomonadati,Bacteria
SIS51982.1_633194,0.9722,0.58,,SIS51982.1,Roseivivax lentus,Roseivivax lentus,Roseivivax,Roseobacteraceae,Rhodobacterales,Alphaproteobacteria,Pseudomonadota,Pseudomonadati,Bacteria
SIS72868.1_619304,0.7304,3.88,,SIS72868.1,Neptunomonas antarctica,Neptunomonas antarctica,Neptunomonas,Oceanospirillaceae,Oceanospirillales,Gammaproteobacteria,Pseudomonadota,Pseudomonadati,Bacteria
SIS76552.1_484498,0.7624,3.62,,SIS76552.1,Thalassolituus maritimus,Thalassolituus maritimus,Thalassolituus,Oceanospirillaceae,Oceanospirillales,Gammaproteobacteria,Pseudomonadota,Pseudomonadati,Bacteria
SIS85962.1_1086013,0.993,0.53,,SIS85962.1,Gemmobacter megaterium,Gemmobacter megaterium,Gemmobacter,Paracoccaceae,Rhodobacterales,Alphaproteobacteria,Pseudomonadota,Pseudomonadati,Bacteria
SIS86274.1_714067,0.9196,1.74,,SIS86274.1,Kroppenstedtia eburnea,Kroppenstedtia eburnea,Kroppenstedtia,Thermoactinomycetaceae,Bacillales,Bacilli,Bacillota,Bacillati,Bacteria
SIS90423.1_619304,0.9259,1.78,,SIS90423.1,Neptunomonas antarctica,Neptunomonas antarctica,Neptunomonas,Oceanospirillaceae,Oceanospirillales,Gammaproteobacteria,Pseudomonadota,Pseudomonadati,Bacteria
SIT65680.1_233100,0.889,2.42,,SIT65680.1,Ectothiorhodosinus mongolicus,Ectothiorhodosinus mongolicus,Ectothiorhodosinus,Ectothiorhodospiraceae,Chromatiales,Gammaproteobacteria,Pseudomonadota,Pseudomonadati,Bacteria
SJM59170.1_1255656,0.8551,2.71,,SJM59170.1,Agrococcus casei LMG 22410,Agrococcus casei,Agrococcus,Microbacteriaceae,Micrococcales,Actinomycetes,Actinomycetota,Bacillati,Bacteria
SJM64377.1_1434829,0.8769,2.5,,SJM64377.1,Frigoribacterium sp. JB110,unclassified Frigoribacterium,Frigoribacterium,Microbacteriaceae,Micrococcales,Actinomycetes,Actinomycetota,Bacillati,Bacteria
SKA33548.1_1122192,0.8866,2.18,,SKA33548.1,Marinactinospora thermotolerans DSM 45154,Marinactinospora thermotolerans,Marinactinospora,Nocardiopsidaceae,Streptosporangiales,Actinomycetes,Actinomycetota,Bacillati,Bacteria
SKB39924.1_505249,0.9192,1.77,,SKB39924.1,Malaciobacter marinus,Malaciobacter marinus,Malaciobacter,Arcobacteraceae,Campylobacterales,Epsilonproteobacteria,Campylobacterota,Pseudomonadati,Bacteria
SKB78202.1_505249,0.8432,2.71,,SKB78202.1,Malaciobacter marinus,Malaciobacter marinus,Malaciobacter,Arcobacteraceae,Campylobacterales,Epsilonproteobacteria,Campylobacterota,Pseudomonadati,Bacteria
SMC54078.1_1387277,0.9439,1.5,,SMC54078.1,Primorskyibacter flagellatus,Primorskyibacter flagellatus,Primorskyibacter,Roseobacteraceae,Rhodobacterales,Alphaproteobacteria,Pseudomonadota,Pseudomonadati,Bacteria
SMC55127.1_40571,0.9152,1.59,,SMC55127.1,Lentzea albidocapillata,Lentzea albidocapillata,Lentzea,Pseudonocardiaceae,Pseudonocardiales,Actinomycetes,Actinomycetota,Bacillati,Bacteria
SMC73639.1_441103,0.981,0.36,,SMC73639.1,Tropicibacter naphthalenivorans,Tropicibacter naphthalenivorans,Tropicibacter,Roseobacteraceae,Rhodobacterales,Alphaproteobacteria,Pseudomonadota,Pseudomonadati,Bacteria
SMD00117.1_937218,0.951,1.24,,SMD00117.1,Fulvimarina manganoxydans,Fulvimarina manganoxydans,Fulvimarina,Aurantimonadaceae,Hyphomicrobiales,Alphaproteobacteria,Pseudomonadota,Pseudomonadati,Bacteria
SMD00854.1_2030,0.9309,1.59,,SMD00854.1,Kibdelosporangium aridum,Kibdelosporangium aridum,Kibdelosporangium,Pseudonocardiaceae,Pseudonocardiales,Actinomycetes,Actinomycetota,Bacillati,Bacteria
SMD36671.1_692418,0.9234,1.72,,SMD36671.1,Reichenbachiella faecimaris,Reichenbachiella faecimaris,Reichenbachiella,Reichenbachiellaceae,Cytophagales,Cytophagia,Bacteroidota,Pseudomonadati,Bacteria
SMF06792.1_1304903,0.9164,2.02,,SMF06792.1,Alteromonadaceae bacterium Bs31,Alteromonadaceae bacterium Bs31,unclassified Alteromonadaceae,Alteromonadaceae,Alteromonadales,Gammaproteobacteria,Pseudomonadota,Pseudomonadati,Bacteria
SMF25636.1_1513793,0.9228,1.8,,SMF25636.1,Pseudobacteriovorax antillogorgiicola,Pseudobacteriovorax antillogorgiicola,Pseudobacteriovorax,Pseudobacteriovoracaceae,Oligoflexales,Oligoflexia,Bdellovibrionota,Pseudomonadati,Bacteria
SMF40555.1_1304903,0.747,3.64,,SMF40555.1,Alteromonadaceae bacterium Bs31,Alteromonadaceae bacterium Bs31,unclassified Alteromonadaceae,Alteromonadaceae,Alteromonadales,Gammaproteobacteria,Pseudomonadota,Pseudomonadati,Bacteria
SMF73602.1_1388755,0.6687,3.47,,SMF73602.1,Candidatus Pelagibacter sp. HIMB1321,unclassified Candidatus Pelagibacter,Candidatus Pelagibacter,Candidatus Pelagibacteraceae,Candidatus Pelagibacterales,Alphaproteobacteria,Pseudomonadota,Pseudomonadati,Bacteria
SMH35479.1_1162418,0.9214,1.77,,SMH35479.1,Maritimibacter sp. HL-12,unclassified Maritimibacter,Maritimibacter,Roseobacteraceae,Rhodobacterales,Alphaproteobacteria,Pseudomonadota,Pseudomonadati,Bacteria
SMH38764.1_536018,0.935,1.63,,SMH38764.1,Mesorhizobium australicum,Mesorhizobium australicum,Mesorhizobium,Phyllobacteriaceae,Hyphomicrobiales,Alphaproteobacteria,Pseudomonadota,Pseudomonadati,Bacteria
SMO69505.1_1010611,0.9163,1.96,,SMO69505.1,Thalassovita litoralis,Thalassovita litoralis,Thalassovita,Roseobacteraceae,Rhodobacterales,Alphaproteobacteria,Pseudomonadota,Pseudomonadati,Bacteria
SMO70825.1_686389,0.966,1.17,,SMO70825.1,Ruegeria faecimaris,Ruegeria faecimaris,Ruegeria,Roseobacteraceae,Rhodobacterales,Alphaproteobacteria,Pseudomonadota,Pseudomonadati,Bacteria
SMP04630.1_1566352,0.94,1.59,,SMP04630.1,Shimia sagamensis,Shimia sagamensis,Shimia,Roseobacteraceae,Rhodobacterales,Alphaproteobacteria,Pseudomonadota,Pseudomonadati,Bacteria
SMP26189.1_76305,0.9091,2.1,,SMP26189.1,Roseibium denhamense,Roseibium denhamense,Roseibium,Stappiaceae,Hyphomicrobiales,Alphaproteobacteria,Pseudomonadota,Pseudomonadati,Bacteria
SMR69173.1_518898,0.7469,3.77,,SMR69173.1,Marinobacterium sediminicola,Marinobacterium sediminicola,Marinobacterium,Oceanospirillaceae,Oceanospirillales,Gammaproteobacteria,Pseudomonadota,Pseudomonadati,Bacteria
SMR82228.1_985055,0.9762,0.56,,SMR82228.1,Aliiroseovarius halocynthiae,Aliiroseovarius halocynthiae,Aliiroseovarius,Paracoccaceae,Rhodobacterales,Alphaproteobacteria,Pseudomonadota,Pseudomonadati,Bacteria
SNR56067.1_664784,0.9148,1.93,,SNR56067.1,Haloechinothrix alba,Haloechinothrix alba,Haloechinothrix,Pseudonocardiaceae,Pseudonocardiales,Actinomycetes,Actinomycetota,Bacillati,Bacteria
SNS09904.1_74033,0.9954,0.41,,SNS09904.1,Antarctobacter heliothermus,Antarctobacter heliothermus,Antarctobacter,Roseobacteraceae,Rhodobacterales,Alphaproteobacteria,Pseudomonadota,Pseudomonadati,Bacteria
SNS36816.1_235986,0.7231,3.85,,SNS36816.1,Actinacidiphila glaucinigra,Actinacidiphila glaucinigra,Actinacidiphila,Streptomycetaceae,Kitasatosporales,Actinomycetes,Actinomycetota,Bacillati,Bacteria
SNS70562.1_106412,0.9164,1.88,,SNS70562.1,Streptosporangium subroseum,Streptosporangium subroseum,Streptosporangium,Streptosporangiaceae,Streptosporangiales,Actinomycetes,Actinomycetota,Bacillati,Bacteria
SNS81360.1_935700,0.9681,0.79,,SNS81360.1,Jannaschia aquimarina,Jannaschia aquimarina,Jannaschia,Roseobacteraceae,Rhodobacterales,Alphaproteobacteria,Pseudomonadota,Pseudomonadati,Bacteria
SNS94337.1_1945885,0.9264,1.76,,SNS94337.1,Micrococcales bacterium KH10,Micrococcales bacterium KH10,,unclassified Micrococcales,Micrococcales,Actinomycetes,Actinomycetota,Bacillati,Bacteria
SNT24131.1_1031541,0.9594,1.14,,SNT24131.1,Tropicimonas sediminicola,Tropicimonas sediminicola,Tropicimonas,Roseobacteraceae,Rhodobacterales,Alphaproteobacteria,Pseudomonadota,Pseudomonadati,Bacteria
SNT28139.1_447679,0.8956,2.34,,SNT28139.1,Ekhidna lutea,Ekhidna lutea,Ekhidna,Reichenbachiellaceae,Cytophagales,Cytophagia,Bacteroidota,Pseudomonadati,Bacteria
SNT71943.1_1519374,0.8633,2.33,,SNT71943.1,Amphiplicatus metriothermophilus,Amphiplicatus metriothermophilus,Amphiplicatus,Parvularculaceae,Parvularculales,Alphaproteobacteria,Pseudomonadota,Pseudomonadati,Bacteria
SNT72701.1_184748,0.9368,1.62,,SNT72701.1,Paracoccus seriniphilus,Paracoccus seriniphilus,Paracoccus,Paracoccaceae,Rhodobacterales,Alphaproteobacteria,Pseudomonadota,Pseudomonadati,Bacteria
SNY59721.1_1323745,0.9404,1.53,,SNY59721.1,Arsukibacterium tuosuense,Arsukibacterium tuosuense,Arsukibacterium,Chromatiaceae,Chromatiales,Gammaproteobacteria,Pseudomonadota,Pseudomonadati,Bacteria
SNY66980.1_1036182,0.8165,3.08,,SNY66980.1,Paractinoplanes atraurantiacus,Paractinoplanes atraurantiacus,Paractinoplanes,Micromonosporaceae,Micromonosporales,Actinomycetes,Actinomycetota,Bacillati,Bacteria
SNY75635.1_1036182,0.7508,3.44,,SNY75635.1,Paractinoplanes atraurantiacus,Paractinoplanes atraurantiacus,Paractinoplanes,Micromonosporaceae,Micromonosporales,Actinomycetes,Actinomycetota,Bacillati,Bacteria
SNY91885.1_1798205,0.9101,2.04,,SNY91885.1,Cohaesibacter sp. ES.047,unclassified Cohaesibacter,Cohaesibacter,Cohaesibacteraceae,Hyphomicrobiales,Alphaproteobacteria,Pseudomonadota,Pseudomonadati,Bacteria
SNY96534.1_1761789,0.7285,4.14,,SNY96534.1,Halomonas sp. hl-4,unclassified Halomonas,Halomonas,Halomonadaceae,Oceanospirillales,Gammaproteobacteria,Pseudomonadota,Pseudomonadati,Bacteria
SNZ21630.1_372072,0.9027,2.13,,SNZ21630.1,Cohaesibacter gelatinilyticus,Cohaesibacter gelatinilyticus,Cohaesibacter,Cohaesibacteraceae,Hyphomicrobiales,Alphaproteobacteria,Pseudomonadota,Pseudomonadati,Bacteria
SOC10251.1_538381,0.9129,2.06,,SOC10251.1,Stappia indica,Stappia indica,Stappia,Stappiaceae,Hyphomicrobiales,Alphaproteobacteria,Pseudomonadota,Pseudomonadati,Bacteria
SOD81556.1_1938833,0.7546,3.45,,SOD81556.1,Streptomyces sp. 1222.2,unclassified Streptomyces,Streptomyces,Streptomycetaceae,Kitasatosporales,Actinomycetes,Actinomycetota,Bacillati,Bacteria
SOD92025.1_414052,0.8887,2.47,,SOD92025.1,Caenispirillum bisanense,Caenispirillum bisanense,Caenispirillum,Novispirillaceae,Rhodospirillales,Alphaproteobacteria,Pseudomonadota,Pseudomonadati,Bacteria
SOD95440.1_414052,0.9013,2.3,,SOD95440.1,Caenispirillum bisanense,Caenispirillum bisanense,Caenispirillum,Novispirillaceae,Rhodospirillales,Alphaproteobacteria,Pseudomonadota,Pseudomonadati,Bacteria
SOE18090.1_714899,0.9366,1.58,,SOE18090.1,Hoeflea halophila,Hoeflea halophila,Hoeflea,Rhizobiaceae,Hyphomicrobiales,Alphaproteobacteria,Pseudomonadota,Pseudomonadati,Bacteria
SOH93878.1_1690039,0.9063,2.02,,SOH93878.1,Monaibacterium marinum,Monaibacterium marinum,Pontivivens,Paracoccaceae,Rhodobacterales,Alphaproteobacteria,Pseudomonadota,Pseudomonadati,Bacteria
SPL90667.1_1909395,0.8739,1.6,,SPL90667.1,[Actinomadura] parvosata subsp. kistnae,[Actinomadura] parvosata,Nonomuraea,Streptosporangiaceae,Streptosporangiales,Actinomycetes,Actinomycetota,Bacillati,Bacteria
TBX28290.1_1607786,0.9599,1.01,,TBX28290.1,Roseovarius sp. JS7-11,unclassified Roseovarius,Roseovarius,Roseobacteraceae,Rhodobacterales,Alphaproteobacteria,Pseudomonadota,Pseudomonadati,Bacteria
TCJ85317.1_634765,0.7195,3.89,,TCJ85317.1,Cocleimonas flava,Cocleimonas flava,Cocleimonas,Thiotrichaceae,Thiotrichales,Gammaproteobacteria,Pseudomonadota,Pseudomonadati,Bacteria
TCJ88237.1_634765,0.9094,2.08,,TCJ88237.1,Cocleimonas flava,Cocleimonas flava,Cocleimonas,Thiotrichaceae,Thiotrichales,Gammaproteobacteria,Pseudomonadota,Pseudomonadati,Bacteria
TCM82039.1_540251,0.9861,0.92,,TCM82039.1,Rhodovulum steppense,Rhodovulum steppense,Rhodovulum,Paracoccaceae,Rhodobacterales,Alphaproteobacteria,Pseudomonadota,Pseudomonadati,Bacteria
TCO73458.1_35805,0.9874,0.88,,TCO73458.1,Rhodovulum euryhalinum,Rhodovulum euryhalinum,Rhodovulum,Paracoccaceae,Rhodobacterales,Alphaproteobacteria,Pseudomonadota,Pseudomonadati,Bacteria
TCO78196.1_1132028,0.7733,3.51,,TCO78196.1,Chromatocurvus halotolerans,Chromatocurvus halotolerans,Chromatocurvus,Halieaceae,Cellvibrionales,Gammaproteobacteria,Pseudomonadota,Pseudomonadati,Bacteria
TCP27511.1_35804,0.987,0.88,,TCP27511.1,Rhodovulum adriaticum,Rhodovulum adriaticum,Rhodovulum,Paracoccaceae,Rhodobacterales,Alphaproteobacteria,Pseudomonadota,Pseudomonadati,Bacteria
TCP35190.1_1188247,0.8927,2.54,,TCP35190.1,Rhodothalassium salexigens DSM 2132,Rhodothalassium salexigens,Rhodothalassium,Rhodothalassiaceae,Rhodothalassiales,Alphaproteobacteria,Pseudomonadota,Pseudomonadati,Bacteria
TCP40260.1_320662,0.984,0.96,,TCP40260.1,Rhodovulum marinum,Rhodovulum marinum,Rhodovulum,Paracoccaceae,Rhodobacterales,Alphaproteobacteria,Pseudomonadota,Pseudomonadati,Bacteria
TCP56610.1_1262583,0.9146,1.91,,TCP56610.1,Tamaricihabitans halophyticus,Tamaricihabitans halophyticus,Tamaricihabitans,Pseudonocardiaceae,Pseudonocardiales,Actinomycetes,Actinomycetota,Bacillati,Bacteria
TCP61107.1_992286,0.9607,1.08,,TCP61107.1,Rhodovulum bhavnagarense,Rhodovulum bhavnagarense,Rhodovulum,Paracoccaceae,Rhodobacterales,Alphaproteobacteria,Pseudomonadota,Pseudomonadati,Bacteria
TCS65272.1_745311,0.9434,1.53,,TCS65272.1,Primorskyibacter sedentarius,Primorskyibacter sedentarius,Primorskyibacter,Roseobacteraceae,Rhodobacterales,Alphaproteobacteria,Pseudomonadota,Pseudomonadati,Bacteria
TCT03692.1_747076,0.9364,1.6,,TCT03692.1,Tepidamorphus gemmatus,Tepidamorphus gemmatus,Tepidamorphus,Tepidamorphaceae,Hyphomicrobiales,Alphaproteobacteria,Pseudomonadota,Pseudomonadati,Bacteria
TCT42856.1_293089,0.9015,2.17,,TCT42856.1,Martelella mediterranea,Martelella mediterranea,Martelella,Aurantimonadaceae,Hyphomicrobiales,Alphaproteobacteria,Pseudomonadota,Pseudomonadati,Bacteria
TDO09202.1_2512165,0.7389,3.4,,TDO09202.1,Mycobacterium sp. BK086,unclassified Mycobacterium,Mycobacterium,Mycobacteriaceae,Mycobacteriales,Actinomycetes,Actinomycetota,Bacillati,Bacteria
TDP01248.1_491947,0.6956,4.06,,TDP01248.1,Marinomonas balearica,Marinomonas balearica,Marinomonas,Oceanospirillaceae,Oceanospirillales,Gammaproteobacteria,Pseudomonadota,Pseudomonadati,Bacteria
TDP38179.1_1327752,0.7142,4.39,,TDP38179.1,Idiomarina aquatica,Idiomarina aquatica,Idiomarina,Idiomarinaceae,Alteromonadales,Gammaproteobacteria,Pseudomonadota,Pseudomonadati,Bacteria
TDQ44926.1_360241,0.9126,2.07,,TDQ44926.1,Tepidicella xavieri,Tepidicella xavieri,Tepidicella,Burkholderiales genera incertae sedis,Burkholderiales,Betaproteobacteria,Pseudomonadota,Pseudomonadati,Bacteria
TDQ45606.1_1605990,0.8908,2.21,,TDQ45606.1,Actinorugispora endophytica,Actinorugispora endophytica,Actinorugispora,Nocardiopsidaceae,Streptosporangiales,Actinomycetes,Actinomycetota,Bacillati,Bacteria
TDQ45937.1_1510150,0.906,2.25,,TDQ45937.1,Permianibacter aggregans,Permianibacter aggregans,Permianibacter,Pseudomonadaceae,Pseudomonadales,Gammaproteobacteria,Pseudomonadota,Pseudomonadati,Bacteria
TDQ53071.1_1605990,0.8636,2.48,,TDQ53071.1,Actinorugispora endophytica,Actinorugispora endophytica,Actinorugispora,Nocardiopsidaceae,Streptosporangiales,Actinomycetes,Actinomycetota,Bacillati,Bacteria
TDQ83867.1_578943,0.9263,1.78,,TDQ83867.1,Dongia mobilis,Dongia mobilis,Dongia,Dongiaceae,Rhodospirillales,Alphaproteobacteria,Pseudomonadota,Pseudomonadati,Bacteria
TDR05579.1_28254,0.7097,3.94,,TDR05579.1,Marinomonas communis,Marinomonas communis,Marinomonas,Oceanospirillaceae,Oceanospirillales,Gammaproteobacteria,Pseudomonadota,Pseudomonadati,Bacteria
TDR20637.1_644220,0.7646,3.46,,TDR20637.1,Marinicella litoralis,Marinicella litoralis,Marinicella,Alcanivoracaceae,Oceanospirillales,Gammaproteobacteria,Pseudomonadota,Pseudomonadati,Bacteria
TDR93830.1_1339210,0.9078,1.83,,TDR93830.1,Enterovirga rhinocerotis,Enterovirga rhinocerotis,Enterovirga,Methylobacteriaceae,Hyphomicrobiales,Alphaproteobacteria,Pseudomonadota,Pseudomonadati,Bacteria
TDS95280.1_1037362,0.9578,1.34,,TDS95280.1,Pelagimonas phthalicica,Pelagimonas phthalicica,Pelagimonas,Roseobacteraceae,Rhodobacterales,Alphaproteobacteria,Pseudomonadota,Pseudomonadati,Bacteria
TDT29052.1_993414,0.8427,2.52,,TDT29052.1,Naumannella halotolerans,Naumannella halotolerans,Naumannella,Propionibacteriaceae,Propionibacteriales,Actinomycetes,Actinomycetota,Bacillati,Bacteria
TDT44117.1_332522,0.748,3.77,,TDT44117.1,Halospina denitrificans,Halospina denitrificans,,Halospina,Gammaproteobacteria incertae sedis,Gammaproteobacteria,Pseudomonadota,Pseudomonadati,Bacteria
TDT73707.1_1242689,0.9557,1.09,,TDT73707.1,Litoreibacter halocynthiae,Litoreibacter halocynthiae,Litoreibacter,Roseobacteraceae,Rhodobacterales,Alphaproteobacteria,Pseudomonadota,Pseudomonadati,Bacteria
TDV40788.1_502181,0.9369,1.48,,TDV40788.1,Actinophytocola oryzae,Actinophytocola oryzae,Actinophytocola,Pseudonocardiaceae,Pseudonocardiales,Actinomycetes,Actinomycetota,Bacillati,Bacteria
TDY00552.1_381308,0.8992,2.35,,TDY00552.1,Thiohalophilus thiocyanatoxydans,Thiohalophilus thiocyanatoxydans,Thiohalophilus,Thiohalophilaceae,Thiohalomonadales,Gammaproteobacteria,Pseudomonadota,Pseudomonadati,Bacteria
TDY68169.1_1188254,0.9744,1.09,,TDY68169.1,Roseinatronobacter bogoriensis DSM 18756,Roseinatronobacter bogoriensis,Roseinatronobacter,Paracoccaceae,Rhodobacterales,Alphaproteobacteria,Pseudomonadota,Pseudomonadati,Bacteria
TPW21553.1_2030800,0.8493,2.54,,TPW21553.1,Elusimicrobiota bacterium,Elusimicrobiota bacterium,,,,unclassified Elusimicrobiota,Elusimicrobiota,Pseudomonadati,Bacteria
TQJ22171.1_2572899,0.7474,3.36,,TQJ22171.1,Micromonospora sp. A202,unclassified Micromonospora,Micromonospora,Micromonosporaceae,Micromonosporales,Actinomycetes,Actinomycetota,Bacillati,Bacteria
TQL63506.1_1753,0.7322,3.94,,TQL63506.1,Propioniferax innocua,Propioniferax innocua,Propioniferax,Propionibacteriaceae,Propionibacteriales,Actinomycetes,Actinomycetota,Bacillati,Bacteria
TQL67606.1_1175486,0.8304,2.64,,TQL67606.1,Nocardioides albertanoniae,Nocardioides albertanoniae,Nocardioides,Nocardioidaceae,Propionibacteriales,Actinomycetes,Actinomycetota,Bacillati,Bacteria
TQL75593.1_1496996,0.8217,2.95,,TQL75593.1,Stackebrandtia endophytica,Stackebrandtia endophytica,Stackebrandtia,Glycomycetaceae,Glycomycetales,Actinomycetes,Actinomycetota,Bacillati,Bacteria
TQM75046.1_103836,0.9208,2.12,,TQM75046.1,Thermopolyspora flexuosa,Thermopolyspora flexuosa,Thermopolyspora,Streptosporangiaceae,Streptosporangiales,Actinomycetes,Actinomycetota,Bacillati,Bacteria
TQM75724.1_103836,0.9036,1.9,,TQM75724.1,Thermopolyspora flexuosa,Thermopolyspora flexuosa,Thermopolyspora,Streptosporangiaceae,Streptosporangiales,Actinomycetes,Actinomycetota,Bacillati,Bacteria
TQM84693.1_571190,0.9322,1.73,,TQM84693.1,Saccharothrix saharensis,Saccharothrix saharensis,Saccharothrix,Pseudonocardiaceae,Pseudonocardiales,Actinomycetes,Actinomycetota,Bacillati,Bacteria
TQN30300.1_405555,0.8746,2.33,,TQN30300.1,Haloactinospora alba,Haloactinospora alba,Haloactinospora,Nocardiopsidaceae,Streptosporangiales,Actinomycetes,Actinomycetota,Bacillati,Bacteria
TQN33288.1_405555,0.9191,1.87,,TQN33288.1,Haloactinospora alba,Haloactinospora alba,Haloactinospora,Nocardiopsidaceae,Streptosporangiales,Actinomycetes,Actinomycetota,Bacillati,Bacteria
TVZ39143.1_1403320,0.7201,3.9,,TVZ39143.1,Alteromonadaceae bacterium 2753L.S.0a.02,Alteromonadaceae bacterium 2753L.S.0a.02,unclassified Alteromonadaceae,Alteromonadaceae,Alteromonadales,Gammaproteobacteria,Pseudomonadota,Pseudomonadati,Bacteria
TVZ50511.1_192,0.9164,1.98,,TVZ50511.1,Azospirillum brasilense,Azospirillum brasilense,Azospirillum,Azospirillaceae,Rhodospirillales,Alphaproteobacteria,Pseudomonadota,Pseudomonadati,Bacteria
TWA84826.1_192,0.927,1.97,,TWA84826.1,Azospirillum brasilense,Azospirillum brasilense,Azospirillum,Azospirillaceae,Rhodospirillales,Alphaproteobacteria,Pseudomonadota,Pseudomonadati,Bacteria
TWE06611.1_2572911,0.9313,1.49,,TWE06611.1,Pseudomonas sp. AG1028,unclassified Pseudomonas,Pseudomonas,Pseudomonadaceae,Pseudomonadales,Gammaproteobacteria,Pseudomonadota,Pseudomonadati,Bacteria
TWE14701.1_588067,0.9332,1.61,,TWE14701.1,Prauserella muralis,Prauserella muralis,Prauserella,Pseudonocardiaceae,Pseudonocardiales,Actinomycetes,Actinomycetota,Bacillati,Bacteria
TWF79460.1_1128676,0.9284,1.61,,TWF79460.1,Pseudonocardia hierapolitana,Pseudonocardia hierapolitana,Pseudonocardia,Pseudonocardiaceae,Pseudonocardiales,Actinomycetes,Actinomycetota,Bacillati,Bacteria
TWF95241.1_1181886,0.9493,1.38,,TWF95241.1,Saccharopolyspora dendranthemae,Saccharopolyspora dendranthemae,Saccharopolyspora,Pseudonocardiaceae,Pseudonocardiales,Actinomycetes,Actinomycetota,Bacillati,Bacteria
TWG20285.1_1316803,0.7642,3.22,,TWG20285.1,Micromonospora taraxaci,Micromonospora taraxaci,Micromonospora,Micromonosporaceae,Micromonosporales,Actinomycetes,Actinomycetota,Bacillati,Bacteria
TWG88565.1_935283,0.9279,1.98,,TWG88565.1,Luteimonas sp. J16,unclassified Luteimonas,Luteimonas,Lysobacteraceae,Lysobacterales,Gammaproteobacteria,Pseudomonadota,Pseudomonadati,Bacteria
TWH31566.1_935260,0.9176,1.94,,TWH31566.1,Aminobacter sp. J15,unclassified Aminobacter,Aminobacter,Phyllobacteriaceae,Hyphomicrobiales,Alphaproteobacteria,Pseudomonadota,Pseudomonadati,Bacteria
TWH69711.1_1880,0.764,3.23,,TWH69711.1,Micromonospora olivasterospora,Micromonospora olivasterospora,Micromonospora,Micromonosporaceae,Micromonosporales,Actinomycetes,Actinomycetota,Bacillati,Bacteria
TWI57904.1_688079,0.8972,2.18,,TWI57904.1,Halalkalibacter nanhaiisediminis,Halalkalibacter nanhaiisediminis,Halalkalibacter,Bacillaceae,Bacillales,Bacilli,Bacillota,Bacillati,Bacteria
TWI75587.1_622671,0.8683,2.61,,TWI75587.1,Desulfobotulus alkaliphilus,Desulfobotulus alkaliphilus,Desulfobotulus,Desulfobacteraceae,Desulfobacterales,Desulfobacteria,Thermodesulfobacteriota,Pseudomonadati,Bacteria
TWI84637.1_150831,0.9142,2,,TWI84637.1,Roseibium hamelinense,Roseibium hamelinense,Roseibium,Stappiaceae,Hyphomicrobiales,Alphaproteobacteria,Pseudomonadota,Pseudomonadati,Bacteria
TWJ25310.1_230091,0.6975,2.91,,TWJ25310.1,Micromonospora endolithica,Micromonospora endolithica,Micromonospora,Micromonosporaceae,Micromonosporales,Actinomycetes,Actinomycetota,Bacillati,Bacteria
TXT18572.1_1869227,0.9308,1.7,,TXT18572.1,bacterium,bacterium,,,,,,unclassified Bacteria,Bacteria
VEL95653.1_2358187,0.7364,3.86,,VEL95653.1,Alteromonas sp. 76-1,unclassified Alteromonas,Alteromonas,Alteromonadaceae,Alteromonadales,Gammaproteobacteria,Pseudomonadota,Pseudomonadati,Bacteria
VFK26228.1_2138164,0.9111,2.08,,VFK26228.1,Candidatus Kentron sp. MB,Candidatus Kentron sp. MB,unclassified Candidatus Kentron,Candidatus Kentron,Gammaproteobacteria incertae sedis,Gammaproteobacteria,Pseudomonadota,Pseudomonadati,Bacteria
VFK40193.1_2126332,0.9124,1.99,,VFK40193.1,Candidatus Kentron sp. SD,Candidatus Kentron sp. SD,unclassified Candidatus Kentron,Candidatus Kentron,Gammaproteobacteria incertae sedis,Gammaproteobacteria,Pseudomonadota,Pseudomonadati,Bacteria
VTP50647.1_28108,0.7134,4.03,,VTP50647.1,Alteromonas macleodii,Alteromonas macleodii,Alteromonas,Alteromonadaceae,Alteromonadales,Gammaproteobacteria,Pseudomonadota,Pseudomonadati,Bacteria
VVJ15040.1_2606593,0.9345,1.5,,VVJ15040.1,Amycolatopsis camponoti,Amycolatopsis camponoti,Amycolatopsis,Pseudonocardiaceae,Pseudonocardiales,Actinomycetes,Actinomycetota,Bacillati,Bacteria
VVT26420.1_2038388,0.9302,1.64,,VVT26420.1,Hoeflea sp. EC-HK425,unclassified Hoeflea,Hoeflea,Rhizobiaceae,Hyphomicrobiales,Alphaproteobacteria,Pseudomonadota,Pseudomonadati,Bacteria
VXC64718.1_2653159,0.8846,2.27,,VXC64718.1,Oceanicaulis sp. 350,unclassified Oceanicaulis,Oceanicaulis,Maricaulaceae,Maricaulales,Alphaproteobacteria,Pseudomonadota,Pseudomonadati,Bacteria
VXD21355.1_2653151,0.9105,2.1,,VXD21355.1,Marinoscillum sp. 108,unclassified Marinoscillum,Marinoscillum,Reichenbachiellaceae,Cytophagales,Cytophagia,Bacteroidota,Pseudomonadati,Bacteria